price__p_08af219b10a3d0c1,price__p_090787ff4c600967,price__p_09cb91d919e19c81,price__p_12702c2817bc3058,price__p_12f4a9142c235af4,price__p_156a750ae05683cb,price__p_15e2359392c5042c,price__p_175e0c5b4d6a8cd9,price__p_1bee12058e36565f,price__p_212ef5b23dbb70ff,price__p_24e9e14ac94c789e,price__p_29096e2e6c801716,price__p_2929b2190c67fa05,price__p_29a1d693bcd6b5ed,price__p_2b23ed0aa617091c,price__p_2fee73ae064112ed,price__p_31deb9fdc417508e,price__p_369ce465f81b2b58,price__p_3862181ef4e50416,price__p_398b35a78734a78e,price__p_3abb1bdf911a74ba,price__p_44d21f4415cc94bd,price__p_47f8c50648adab37,price__p_4868c8af6ebb3048,price__p_4b78aecc4ad2673a,price__p_4d6f925d5fd37636,price__p_4f0bc051d584c367,price__p_4f513e6f6ede7f06,price__p_57bdf8a55dab3591,price__p_5a70d1f2747b0f36,price__p_5b64eea47fe39565,price__p_679f919cb34f89e9,price__p_6a02652f4a9989e9,price__p_6ad195c852babce1,price__p_6f9697bbf4df888a,price__p_7b4d7b259b6753fa,price__p_7bbab6017e1fb60b,price__p_7c74e703f996c871,price__p_8de345911b7fc78f,price__p_8f5fb68c57941b6a,price__p_8f97282e97de7a9b,price__p_9122726a99818701,price__p_955389fa1088a0da,price__p_96d693419d7e59f7,price__p_9aad75ce6ea05520,price__p_9f31a8386b8c5eb8,price__p_aaab792e0f7a512c,price__p_ab0f14fdeeb99eb0,price__p_b2354c8beb79d919,price__p_b32a1dc815512f2e,price__p_b4735e773b7401fc,price__p_b6a4aa3d34b35ea7,price__p_b74ad31919d3dab3,price__p_b7a55e9cddc1fa47,price__p_b7b1618afb05d922,price__p_b873db1e2ba44465,price__p_ba1176602ebbd96b,price__p_bbc1e9ba2c1b1332,price__p_bc05e8925dafddbd,price__p_bcb6c83c3cb2c0f1,price__p_bd3edefacd71ccb9,price__p_c0cb077ae13a5415,price__p_c2351f7e990ff8ee,price__p_c67eb545eaecb876,price__p_cf6f0c8ecd5041af,price__p_cf91019388b7c9a6,price__p_d03f48cac90afd53,price__p_d513ce0622315a93,price__p_d8a34b15fb6f311c,price__p_dde8e41d5f1a8881,price__p_e0705204f7294fed,price__p_e07286f243955a55,price__p_e9114732b34c7687,price__p_e9a1a6b2d848b28d,price__p_ec63403370289989,price__p_f05785b9d3415065,price__p_f155865bddb5ae03,price__p_f72f3a06539c1241,price__p_f7fd37c9c13f589b,price__p_fcdf70fd9a5b0838,target_month,target_mom_pct,feature_cutoff,actual_published_at,feature_hash
-0.606672814526925,-9.985466585835681,,,5.595351317584889,-40.17503935839258,,,-7.148958271856386,-3.1733130396005236,,-11.53849169650114,-12.456827410504111,-11.466705481114372,,-43.48388236673754,,,-56.2875043754291,,-9.063115941163018,,-9.725355361421414,,-21.679844003115797,-1.5353982335662657,,,5.24442295394853,-35.422579337029894,,,-6.325213611215153,0.3057516888484716,6.933705504141237,,-16.139261268397334,,-11.5808725389355,,,,4.217180194332601,0.595870145882997,,-5.092614487246068,-40.390011357922674,2.009391114703749,32.41194686542118,,,-20.409355619968377,-31.765888170064354,-34.57712632117177,-57.696414524489526,-18.388124901203305,4.458350253567221,-1.2546457376538975,-20.78047934022619,,,-21.734884386809387,4.967458326712573,,,-3.249868224407199,,1.9849798220031099,-7.893510414357685,-30.881436384739523,-2.066612950109907,,-1.5565817293721358,-23.09135027244572,-39.275589445094944,-5.484384002829333,-0.05725588330472286,,16.19925988560014,-25.846601196551827,2021-11,1.0,2021-11-24T01:30:00+00:00,2021-12-09T01:30:00+00:00,99b761c54c4ea72d8ee64e8b08975245135aa1d73ae3859e4d334b78c877d691
-4.283110267621501,-6.833915824313077,,,-1.0015768667899316,-8.737259386094012,,,-3.7363079167148925,-4.994299024212552,,-0.06943908928040389,-1.1368050150816733,-3.3204558774099926,,-9.358927891633424,,,-7.822318847163749,,2.442935859970396,,-9.082840717653543,,1.619455827323317,-4.632150446798774,,,-5.643000934460976,-19.1719424898159,,,1.6579521302171945,2.5314157833945217,0.26886491591825684,,-7.167104037254715,,-9.786209864373948,,,,-1.4673435403823083,-4.470246463480485,,-11.724962834459085,-22.365972879687018,-0.30511083928962346,-8.239953176706674,,,-3.3270976560889816,4.975071001480442,-8.720208173135017,-8.66890931379393,-0.29981992761130655,-2.198895111203928,-12.975739400128425,1.6242317501409218,,,2.6547780626809394,0.13200202947312664,,,-5.082472858860848,,0.9389740349839137,-3.5385646561685498,-36.419547738512975,-3.0899989333069184,,-0.3558370134342191,-26.899945519248153,-4.897386132570438,10.990253386536338,0.018221337236246454,,-46.47221981060236,2.6300542241850033,2021-12,-1.2,2021-12-24T01:30:00+00:00,2022-01-12T01:30:00+00:00,8640660c906dfe75d757a7f651d6a1f839dab6a0ff5d60f43d1375eedc1ffa9f
-6.976714249233195,3.7222570508292225,,,-0.36532501244336735,-13.327130332573098,,,,1.9597002121488825,,-0.79619951612349,-2.351009329746629,,,-13.463674035557338,,,-10.563632314594933,,5.38041215223241,,,,10.979618515554607,0.5841485631955872,,,,-12.29913199415412,,,3.889175815643578,-0.9008894266375774,1.2184781263581503,,11.760926723959708,,8.654181153028617,,,,-0.49272784142664505,-9.211300319090764,,-9.245382919606971,9.869672844513582,0.0,-15.210777819745813,,,3.303693068683039,-0.9723564912440548,-0.2815428536488221,-13.379871750604128,,1.8295273216668895,-10.067612681232793,-1.9963347646750795,,,-1.6151604854882946,0.06533101277664348,,,2.0557341530094737,,-3.0041784902507978,-1.1870447200220897,23.96344493780018,2.501594223955606,,2.8132901686149228,,-6.658522145140884,,-1.0123953420789507,,3.92606609602538,-7.640790901144927,2022-01,-0.2,2022-01-24T01:30:00+00:00,2022-02-16T01:30:00+00:00,221450a634b6e02c67bb1687f1ebb254d3011c97f9bd5c79f5da0672293200df
0.1510769622817062,3.574002397698206,,,0.40330306158768914,4.257199793633413,,,,14.633039262212556,,4.1283232099615725,3.9144017214293734,,3.2321399693377924,4.195981833147781,6.524844108258568,,7.828830505916449,0.71792952810355,1.7155816736018854,,,,5.935102887426603,4.88993025859419,1.4423083363384037,,,8.752055537986317,2.606108726788161,1.4699490406603506,13.73469030834144,-0.23794904477006207,0.41794432529049647,,3.2539927745584585,,2.993707695516677,,,,0.4330776069316718,2.638565868136572,,-1.015881752499124,16.234881083960094,1.5163292803345365,-12.94580672368867,,,,-5.314313606999463,2.7985100636332083,9.992727381048239,,1.0710382881081126,-0.8656397229815892,3.6879482652887554,,,3.101121544900713,2.4951280968779024,,-14.005440190468427,14.859201008226899,,-2.437163682128618,2.3007294734858315,-13.208672087491117,1.1362354473472924,,-3.3254183838781635,,5.032022864342387,,-0.04207758115996014,,25.82246102295504,15.264681071999716,2022-02,0.5,2022-02-24T01:30:00+00:00,2022-03-09T01:30:00+00:00,b5c55a9fc3b5a045104899f4cf6bae47d32133f0c5d2adffbe14a8185e2d60df
3.0867268053030754,7.018839267100365,,,3.2463955443229353,39.115387881911204,,,,7.903672848400467,,-0.46204147033234844,-0.38615649841145766,,1.677336749866523,40.037534323899905,0.5550116645188048,,37.41110463187985,-4.169111270658264,0.20430065768368005,,,,-3.2860390213447603,10.15503207831587,2.0775772979615743,,,29.872342124108993,8.199074111891541,4.78059573130422,16.95125098852294,-1.456309215279973,11.231528247216431,,5.072727544381711,,15.239678079395713,,,,-0.19184484554792106,0.44643746766000053,,2.271391025353213,-6.064156881469826,3.9596865123110385,-3.3060862260888175,,,,-12.966708972152876,2.683727157129086,39.46541920039488,,-0.36457214221861073,-0.6395990405820393,-0.7111937940010162,6.601427477749823,,-0.3611086211043671,7.637367268714791,,23.356003954169164,7.278555156075554,,-15.378473802019975,1.6192025412865372,29.65619012725614,0.9179635918029027,,-4.834995699905963,,11.620184053387622,,-1.129537053193487,,21.736818045893887,-6.600714790261398,2022-03,1.1,2022-03-24T01:30:00+00:00,2022-04-11T01:30:00+00:00,4c8ea4bc0980011325177ef5a8e716be53fcc4c85787c61bf1b4a484e2e1e5b5
5.790831903845219,1.3513013549067836,,,0.43646569317143036,-21.197025071608454,,,,-13.208484357507261,,2.8592649824836336,2.1894793824156236,,2.591941917864377,-21.13131226841871,-4.084717107081721,,-28.95146936122116,1.1820406223476414,10.451339182935037,,,,-2.0953064343351504,-2.1348618272669326,-0.4554016770010277,,,28.947078970328484,2.266268926500579,-1.2546248173832724,-8.635804636449599,1.8984165046268635,-0.9676387265819104,,2.1811246872399113,,-8.834299471003819,,,,1.586978301961089,4.055396411484474,,-1.171316466365309,23.115897457581983,4.200739400853874,8.841095734405293,,,,2.313114574732857,1.0160949448620575,-30.522638210269047,,-1.3346750561269354,0.504267942112317,3.1331894816395374,2.0908881559619563,,3.7261252850545628,1.0869672236903891,,8.55051003465492,-12.928507790027519,,-1.222324328223104,3.723755965062331,0.572830386028408,3.262714363703225,,-0.504480364113279,,-2.4632666577027877,,-0.013302294665438278,,-2.865451929511619,-9.261998938035495,2022-04,0.6,2022-04-24T01:30:00+00:00,2022-05-11T01:30:00+00:00,d06ae9b445e8124115cf35ba13d7dfe071ca039d7bd05e3a0d8db259334de68c
3.4925659765047183,4.7075737355642255,,,1.9462424592377923,6.051257072101798,,,,0.9236715570761788,,-4.020950402146368,-2.2260589964272763,,-5.3370998015448405,5.8337551233312075,5.71129545737164,,10.441234387595195,-1.2616965131295008,-8.980274934626548,,,,-5.73272680986328,2.1684941795871144,-1.8605600922544712,,,0.16071145045825433,4.189744204663618,-0.8644364519545845,-6.013213772229388,-2.9075889716618266,2.196390563801541,,7.937038016143605,,5.0550623190395205,,,,3.019064085315792,-5.8777284083840655,,-4.496831621302221,-4.083469688480043,9.948754759830424,17.58906664636642,,,,5.595702911631582,-3.7961639529724915,12.838543148611098,,-1.4462298215366516,-1.461586965663697,-2.9853550292716626,9.712973007794488,,-3.539182165160083,0.4627116205281027,,-6.86573167259485,0.9824170898489131,,1.2953411053836068,-1.8051882235526648,-8.358720430739439,-3.8553347970113823,,-1.9594891886449048,,-5.505159393277681,,0.1382574467129719,,-3.329311706385494,-2.538533271524818,2022-05,0.1,2022-05-24T01:30:00+00:00,2022-06-10T01:30:00+00:00,a2489f0228d3c17748784b70beff637f81bf7c87a4ecf3e2b87b1945983294ff
1.1435387523163665,7.379126276163094,,,0.6047503714715989,5.019078934730373,,,,7.639120721710932,,-5.977614180079815,-4.139823435469264,,-5.525629398953842,5.027513716401038,10.85418670904488,,4.3297583736705665,-3.0941009207834864,0.798913207748275,,,,-1.7770107369805788,2.762928897303844,0.3445232101630018,,,-0.8061525896254994,-1.765905928168506,0.5981064455813542,0.611780402105329,-0.2155658091964927,-3.2590395026697383,,7.225178002527254,,-3.457134406508856,,,,5.61920058165338,7.8155115427399435,,-12.227705350371314,-4.672418291666105,4.969738560622198,5.644131090495163,,,,11.636444434305544,-6.625078359934432,5.078465529753253,,-6.575684435834593,-13.538402473336053,-5.031349261136769,-0.05662870597440188,,-6.7869926705824115,2.042930626944147,,-5.080371789222284,7.995222391829647,,0.05472761650664569,-3.50040742104571,0.04828751861494008,-1.4045438469760068,,0.7150551711085285,,1.2183932248293317,,-0.15156151112426763,,-12.3398351600353,-9.953075860370983,2022-06,0.2,2022-06-24T01:30:00+00:00,2022-07-09T01:30:00+00:00,c8bb5011805a93f5e4ea0306bc555d28d858d05270036c65dd84fdc7b1d73576
0.08432054179709741,-7.539563650882529,,,-1.1012971602683823,-5.235958203078572,,,,-5.804285245101281,,-14.130562216063842,-13.727136843143045,,-17.597141644341878,-5.603838052347034,-17.028548182603096,,-6.1174223369153635,-2.527565924136986,-11.041874409044114,,,,-11.8253148595432,-5.882716988199775,-7.748511398486496,,,-14.56610259141888,-1.6060873611320814,-5.979372261704906,-3.2007290766403504,-0.3609869088900548,-2.861931660812152,,-6.144311336563638,,-5.9666340041326,,,,-4.104826569495456,-7.12814733533367,,-8.563320386727542,-4.639722220299889,2.244630565226681,32.06685714480875,,,,-14.912980470510274,-25.21023118845941,-5.4527641576367,,-21.711432499392824,-8.511285542847427,-12.306883986521482,-21.431615194742086,,-13.451543534154517,0.0737758512415447,,-15.315584366240204,-5.969669835920813,,-2.0459210615931678,-8.63678897295365,-13.227110337890249,-22.18558192158124,,-4.199440858377561,,-11.328492423940704,,-0.029275173531408676,,-5.4308656361624505,-4.359317146099292,2022-07,-1.3,2022-07-24T01:30:00+00:00,2022-08-10T01:30:00+00:00,3065290cd41689132919b56e18c7243647e06ebd72a3dcbea9744426896ae07d
0.7886858544791326,-15.642795790245959,,,-2.1769716033490063,-7.976199541111728,,,,0.431897691912082,,1.1575751275652242,-0.6768567139358803,,3.180480087006636,-8.141503310990341,0.31567277085039047,,-5.444631700168008,-3.313736885643147,8.691728080674094,,,,4.077849007732882,1.7773450322909272,-4.272120989111662,,,-82.30824075884225,1.2328523891996312,-2.8382673330493073,2.856623586055263,1.2691197791455542,0.6956662864777717,,-16.8334225613839,,-2.090408994403161,,,,0.14984337363022562,-9.524529424620521,,1.0242677148822192,-9.212599016910232,-9.041563559643107,-5.455898425043449,,,,-8.341711651992332,2.249191091165377,-5.535856395371415,,-5.145187402181762,3.4635496662756338,3.9249020824799197,-9.130604190947237,,5.002467326431458,0.0,,-8.350797093826596,0.16514921504963453,,-3.178472706067939,-3.2185907968348713,-19.906263383451442,9.668449040445585,,-1.8093315821150733,,1.5761560362467932,,-0.023958790994295695,,13.087376984285187,1.0506770976231263,2022-08,-1.2,2022-08-24T01:30:00+00:00,2022-09-09T01:30:00+00:00,7cf9b9c2b30ecba07c58dbbff466dc5ed91cfedbfd6f67498a04d7fe64230167
4.335479510675468,10.998109583037847,,,0.4964431840796572,16.53123970336505,,,,1.8033934671597858,,-1.4269793501472041,-1.7442982407516485,,-1.2819108120964544,17.162564340994034,3.677098687899119,,17.60020815789906,-0.9631174144371022,0.11292877606321138,,,,1.4181358509779762,5.629948710584216,5.30446876454631,,,-34.773818942061304,3.223195119779837,2.2924171096468644,14.100701497333798,-0.7402067182835029,-0.16535092197672754,,0.6218861590429894,,2.768899338999928,,,,-0.7960547000763812,2.2780284066118193,,2.3062652389356377,1.243903424268299,-2.7116263373111047,10.208412611327965,,,,24.045526616059593,-0.2946409575437852,11.274264677294763,,-2.059285551727554,1.5947805162132136,-4.979854823105233,5.852921597372731,,-3.6147476251673174,-13.095051328760066,,-0.12488781235293676,1.834045374002074,,-4.8444664620472295,-2.897685380639107,7.385750681870172,1.2524036387108786,,0.5939842276690996,,10.518998040548874,,-0.10655302020382848,,-3.2292349829585425,-3.2152258866577825,2022-09,-0.1,2022-09-24T01:30:00+00:00,2022-10-14T01:30:00+00:00,ed3d1f83859673abbc7963a67852bccf6f96d2ffa768468508b905876c44c48b
10.1537819265033,-9.883612617892078,,,0.40269493575036597,12.401026518303707,,,,-4.812289227794154,,-0.6884106295451807,-1.7152589528150863,,-1.49732209606771,12.511567913976194,-4.627122300111159,,10.502113837049777,-0.05280140926430418,0.853098965048378,,,,-1.3873036240248973,-1.7617256597473017,1.7531951895553293,,,9.58955742305253,1.7757940074227512,-0.8761544764480607,9.920155883555788,1.593279885030677,2.1983844532304406,,0.30694486306467683,,-5.452722403840378,,,,-0.6642255935475102,-2.094900433287556,,5.183036188102386,21.957012695411855,-0.14200438918232638,15.595736505220724,,,,-3.2994250936058465,-3.601945800495459,12.06749300061066,,0.08544242865587859,-0.1396973451866726,0.25880055661247237,1.380436045186211,,-0.1078032069304487,-2.9073373586091007,,3.913509587896766,-4.924273354780522,,-3.0733576764759793,-0.1417909215675691,9.032182722019153,1.0717050860290962,,-0.6333736089689481,,3.7078708739298207,,0.41491628225468247,,6.551624363250109,2.2626191190846656,2022-10,0.2,2022-10-24T01:30:00+00:00,2022-11-09T01:30:00+00:00,fbeb16c31b1925f5e60cee343f6691423768636c141bb2563579808b3de77d87
2.8833522326579732,-4.370341019996378,,,2.4112339453525733,-3.887349640763296,,,,-2.069258774994351,,-2.5831300691814794,-5.436053896210196,,-2.4758725691021297,-4.102428035082246,-13.473394013225176,,-4.51124111484655,-2.8814089731696515,-3.8034584260512085,,,,2.2196391943862706,3.2710676249148127,-1.9229197268022125,,,15.268655072236893,-2.3452372922846414,-2.3027353778773496,0.6763612690736329,2.2468011935170615,2.6005601111815566,,-11.14945874223938,,-1.7282936986966497,,,,-0.039717831237829945,-10.916006024657854,,3.0628389490117938,-20.402674286465647,-8.868742191687918,-13.095606284679,,,,-1.7255248559437368,-3.917696916212971,-4.520493285859111,,-6.502346836807726,2.7121864690302515,-1.9014138426703187,2.5036624009128974,,-4.030894867290153,0.14702160406128875,,-11.952607626983367,-2.1526408399216344,,-10.037943499548112,-3.4096603543445694,-8.662611760157592,4.990887183043359,,0.029333992860083955,,-4.2446690247256935,,0.5056733436527404,,-25.3047021479823,-4.783058319924071,2022-11,0.1,2022-11-24T01:30:00+00:00,2022-12-09T01:30:00+00:00,1a911978de9baf82027fc089391089310e22f0280db094db0abaab2e6d6b7810
-0.2021564030781759,-2.6571494365365025,,,1.7535005796322505,-11.138901620813742,,,,-7.544429919457972,,4.7168594189679025,5.635016003242813,,6.69236955157345,-9.812619852081635,3.1395027059928493,,-9.70030922123243,-1.5797732168136804,0.5019227896147169,,,,-0.21551903664492902,-12.542944239653325,0.8327077606523798,,,-17.37555244859113,-1.3991162536993629,-0.4652053140451806,-14.025021938540998,-0.8412049513707057,-0.42772195136348296,,-7.647178213109653,,0.13286054406208742,,,,-2.994456156032963,-7.104269748533583,,-1.8510026770868322,4.567501419036093,-0.6491187595827748,-28.90547562637532,,,,8.175512310080268,3.410811580084219,-9.634135703459211,,-0.9769578543337398,1.7309637535091607,2.5977988085641885,5.778691149300912,,3.469950610061422,0.0,,11.952607626983367,-7.603799257715377,,-3.4401426717332435,0.5125295957565612,8.662611760157592,-1.7434127957897398,,3.2102163362269494,,-9.298301922332977,,0.16623353037095318,,28.51495725351721,-1.9976839530674508,2022-12,-0.5,2022-12-24T01:30:00+00:00,2023-01-12T01:30:00+00:00,fadbcbd80b58607cc1ad51670fe2d73f66e1e9af027143835b37273711e1f3de
-1.9805999983148919,5.393584239703922,,,-1.4081508816990094,-9.294931963696444,,,,7.457921845522006,,1.0557015336638231,2.7400268647117905,,2.1096165511248466,-9.29325874813797,2.69422975158402,,-7.979938648120716,0.1900383713691825,-3.0817282728411377,,,,-2.5192358419709118,-4.234013032417512,-1.9817100726106447,,,-22.015958789159708,0.792620870615682,-1.458873728747719,-2.2032767166368545,-0.7866153177335954,-0.4950890528711004,,6.052762187936332,,0.19056165390031035,,,,-3.75172049021657,2.2478241476212006,,-4.963860659080243,-2.890660949769585,0.0,-22.040006536845887,,,,3.129267647803019,2.3085094630142877,-5.406164173823118,,2.8620510209487366,-7.470817624112391,,-1.6225741329103753,,,-9.200699934139953,,-3.8276324649673255,7.739848256332118,,-4.082199452025517,1.6916997187714597,0.6661816821981082,3.6843865317611386,,1.6291672170104725,,0.7079675588061548,,-0.03955435479087046,,-16.881037703946454,4.818467892506721,2023-01,-0.4,2023-01-24T01:30:00+00:00,2023-02-10T01:30:00+00:00,f417ba9953af285c5186eb6f6cf7426e7b6d81de91b5550dfcf7521a4da90697
3.2090125153287734,-2.4602328209071254,,,-0.7241109597178853,-18.450745167172425,,,,1.3631891252446715,,0.11560825959773056,0.9138414517643538,,0.15354998705738732,-18.45117085283231,1.4199727079813644,,-26.55413992425814,-1.5429547601774567,-3.883991590469782,,,,0.5870205998388486,3.247960502715349,0.016939718841160353,,,6.488762220587481,-3.2284353881673904,0.06041014817110463,-1.9339091526698913,-1.0996810488838713,-0.6702395975771097,,0.5669998990344461,,4.4910160530755,,,,-0.9095190307753446,8.767229597531086,,0.7207238404949167,-13.738924551463116,1.1024390974895495,2.0339684237122784,,,,-17.70726911787519,-1.9046997538707038,-26.417869445452713,,1.0883626818696028,0.0,,-0.27176458845953944,,,-3.8242307270600246,,0.0,1.431528886974662,,-7.758548606128522,-0.45781309657608676,-4.980282248381825,0.09240299436846494,-0.07522537633767254,-4.618398237508189,,2.467160440768352,,0.3107391766722233,0.08973872828088637,-2.305289948375592,3.2398992531324806,2023-02,-0.2,2023-02-24T01:30:00+00:00,2023-03-09T01:30:00+00:00,60737e1b6994c18426e7d4c2f3fbbc3dc7d5711a5f333524d2dafc0e1b811c90
1.3644051010060614,-0.48595497023400924,,,-0.5564445080475255,10.105851060007073,,,,-0.4343779111035526,,4.283898937578077,6.103740955163793,,5.112096342196466,10.121882679752849,0.955693878851163,,14.937333788267912,-9.461692594462265,-1.6684177587215723,,,,-1.5335903014396222,-0.7633288866911331,0.02298502958859224,,,16.234439419756754,-6.908562462454236,-1.3505502614776093,-10.256748325770088,0.5236255240887918,-2.7171170334101937,,2.7470698566949747,,-5.575698658863542,,,,-1.2401776227136108,-1.2872619975899742,,3.6019508980969053,-21.051399733546127,-0.04581245606253727,1.3333530869465169,,,,-6.846603893567282,-1.0093928139981472,13.622002958936324,,-1.1948008442333558,-1.2080359521956976,,0.8796241324690239,,,6.861028157365621,,0.0,-0.2842192655860583,,-16.48391098470143,0.7903601736512522,4.167269640056808,-0.9576006580568406,3.6515019545757,-5.257164713814948,,0.7574283769340193,,-0.06049209184637097,2.6016177191314296,-24.60391426921985,0.5167089825735642,2023-03,0.0,2023-03-24T01:30:00+00:00,2023-04-11T01:30:00+00:00,57f2de952faac4f64f8f8943bd6f9af55586f499b1e8a068f763228710e26309
-2.647390585911192,3.8611836507231683,,,-1.9190819384774187,-10.385597605741227,,,,3.8293489166503054,,-6.200656688618003,-2.8621537974828364,,-4.760999689254412,-10.40699323025773,4.397336512311969,,-8.728686824452488,-2.0654184517390974,-1.8636816070393363,,,,2.3924404450547603,1.266919431810523,0.22111205369282041,,,-9.731515578508013,-11.88308458291892,-0.67168722555432,3.8084606430000756,0.3104947663528234,-7.264603983471497,,4.167985582769358,,-5.975116614771304,,,,-4.31893851890991,-3.682837592138926,,-2.1759017761812034,15.079960055150249,-0.06302641588339779,-6.851994643675606,,,,-15.814876607408952,-2.380871774073528,-7.685502265990005,,1.8648167443466535,4.142463253773551,,-7.530252513482365,,,2.9498374173682897,,-5.148018897030812,3.405401695483296,,-15.636596165329003,-0.7242577124331366,-17.824823140631878,2.261338952072516,-6.900791764102947,-0.7013042172337061,,-4.583187543887899,,0.0,-6.7433463745765225,-7.994192627598899,7.5514760542838415,2023-04,-0.5,2023-04-24T01:30:00+00:00,2023-05-11T01:30:00+00:00,705808b13a1063babf688e0de1debb4690861e85e3e4c247318e0b796c6a5d6d
-0.5853034298300371,-9.096408222764474,,,-2.5910785454403387,-4.214964110191036,,,,-2.744746700920258,,-8.410580593821521,-7.3587137465703405,,-9.565131012529585,-4.161404451416001,-5.950752682057841,,-2.4701163533326733,1.5788161619999495,-5.765183844525968,,,,-2.057139922175586,-3.921223723970866,-2.883490765723948,,,-40.09780518341028,-6.850919204869673,-4.8394265257440185,0.37415566414089724,-0.6133469640546678,-7.721385964712367,,-10.311079592381091,,-11.276559900255544,,,,-2.2063015650404845,-1.9963796667010554,,-5.642989218624603,-6.981184955946723,-6.090944529498009,0.7067167223092353,,,,-5.401269543085645,-4.726982753292204,-1.6926206104069381,,5.894701898340913,-2.2165491288772716,,-9.24774294278767,,,2.9606578616433175,,-21.885992397719985,-2.913042394695134,,-16.55237511553874,-3.7603247051744857,-23.233197736861598,-6.275230612056686,-7.507101103051017,4.916241253056685,,-5.697255932437157,,0.22862558738485483,-7.615877404168815,-9.009453881109883,17.84893449017519,2023-05,-0.9,2023-05-24T01:30:00+00:00,2023-06-09T01:30:00+00:00,0de836bc66bc19f0fd1bb25ab694bca965100040e8941d3d43dbb669fcf48778
-1.1718942954047267,-5.46974798130665,,,1.4988973692117913,-20.907141213807638,,,,-0.4938281640582454,,1.5676919565133083,-1.9140270016085668,,1.0530613927171537,-21.006613792776015,0.31560787464946294,,-21.551814692126868,-4.202357949650066,-3.2926238083945942,,,,1.7286777622567213,-2.9761047160830123,-0.9887227254179984,,,-2.2847551416300194,-1.9808040323713034,-3.4412298735036435,-10.691000420847208,0.44074912676991174,3.3347488962371545,,-8.5063972539957,,-16.806966099820634,,,,0.6447941831249113,-6.13207501836054,,-8.832553356336948,-1.7452449951226165,-5.342275238926315,0.701757265864654,,,,-20.356076379707325,-2.4385504850348223,-23.10482057117656,,7.429804770035786,-6.9861836706351,,-7.677401204032323,,,2.833417131887949,,-7.587154384255218,-0.6268552720562227,,-11.504091957458467,-2.802118757191053,-0.5120781156277108,4.343103538165293,1.1717099465404701,-0.7624657933607427,,-16.11218114727891,,1.0860307761297472,1.7514390905047152,-2.601896866761921,-11.663599793358232,2023-06,-0.8,2023-06-24T01:30:00+00:00,2023-07-10T01:30:00+00:00,47f739084464e8a58a3f3957f83378f0e0e6f4904b32483905bb98a4379bd693
0.0,4.523354652314083,,,4.227823131074827,8.400566387613665,,,,1.0912202881125475,,0.046974473946161,-0.8100998442573427,,-0.37463798918050717,8.411579548071993,2.135274186928572,,9.46773852041494,-2.121730569641725,0.45189112792392105,,,,-1.393407484897438,0.8629856296097511,3.2814914092485012,,,-2.594261275313191,0.5890411651289782,2.8407849839158805,10.237156007352596,1.595983826043014,0.9280892863201372,,7.527239477116949,,-0.03183446107267059,,,,3.7645402351075488,5.106511378532694,,-7.334397867791622,-10.865772682854956,-8.894972754324492,-2.8370697129215574,,,,7.8136129402954735,2.948313442595771,9.397551160486561,,2.1702328209797455,-4.0704810557279005,,9.143741303131653,,,0.0,,3.485353188464011,1.1749431050193015,,24.44419993164434,-0.02566241112433825,9.138315976792198,0.9111879802995051,-1.56444619435784,2.685441052411952,,13.449400894768823,,0.8712230177353066,-1.3177781114481804,1.2269180192628824,-5.588443035130651,2023-07,-0.2,2023-07-24T01:30:00+00:00,2023-08-09T01:30:00+00:00,8bf0f7730382c5bd0529d2d584ab1a3c17963d287a9b92dd870f705191ddf4e1
0.0,9.412827145387125,,,1.8673692038416005,-4.7929607402327035,,,,4.9474540603167805,,-0.20041326466095255,-0.037091529956287284,,2.096235495568605,-4.768483813118599,1.3680031646484563,,-5.684041552033305,-0.5209873832898474,-0.48484467601583836,,,,0.9532329674918593,9.257540361632314,0.5774449951081595,,,32.40325461455736,0.5819538274720135,2.0880045054670147,9.861078322909055,2.4156414327601716,4.1195756438267335,,15.393539364650783,,28.025184612144514,,,,0.745383248983762,5.253592640789149,,-3.6833627403910794,4.65446252646422,0.24551939659498576,20.71896233719682,,,,12.067755531198362,4.487669644642935,-6.6189095922327,,1.1869541914486532,-0.10658141163477697,,6.13438240394829,,,1.0472302469549655,,11.82801064992117,4.789341869876881,,16.558120428202947,-0.27843239234304995,9.605917818230978,-0.5368940990203009,-1.2314989414567634,-3.100064348274538,,4.044041831657619,,1.45652249109178,-0.8666125918993511,-7.433350065418367,8.564882179233061,2023-08,0.2,2023-08-24T01:30:00+00:00,2023-09-09T01:30:00+00:00,db4fc474146ebb7714a2ae8de06dbf112493432026f602a54bf91fb185b0655a
2.596305431355051,12.475851736726337,,,-0.8342436830035022,11.659865898918795,,,,1.277783237304528,,0.34860900892699226,-1.154212957864471,,-0.017624029150441405,11.661561999174177,5.734054661524485,,13.01756847775504,4.277263813803024,7.908753864333905,,,,4.983353615420761,1.6910104182466659,3.2235187318021574,,,41.178108073327465,4.627938145102574,7.771101180496055,0.7513819440571343,4.849000224565948,4.581262509995556,,11.256758475306974,,7.503977526002238,,,,0.11668277957648143,18.295199508838625,,-2.043578038698142,14.200636033001066,4.456751106775558,-4.179712867846159,,,,3.118162305965519,4.279216010978683,13.22536186166387,,1.1390531790248353,-3.8591745439098837,,1.259802135914307,,,4.20137785867034,,-4.259048118856016,1.470179206792399,,-18.209521897971158,-1.0174913710760842,4.237156255011742,1.2653647959921488,2.439972862963956,10.045588371451558,,4.087061289036862,,2.066277397189297,1.917123162327248,12.645787373731181,1.4934168929625973,2023-09,0.4,2023-09-24T01:30:00+00:00,2023-10-13T01:30:00+00:00,5128299f1368894e99c24aa0a07c39db955150d86e180f0dbb86b559b3996a20
-6.621702836979698,-12.125633362252342,,,-5.785435133308488,10.199542066488064,,,,-2.0223021991825214,,-3.09043278317033,-4.249761176571517,,-3.570480627758828,10.148471060569305,-4.390983232363169,,11.067723915461064,5.318942672360377,-2.911347319055152,,,,-1.9127328938863084,-2.0731287351197287,-3.688118125317203,,,-8.355521657288131,10.101094597591558,-5.275155853226758,-9.832374098822385,-1.769127995606974,0.6371958759648749,,-9.33751022990641,,-2.4666109696091185,,,,-7.3503758073029415,-8.376815132228904,,4.110167568555178,7.605972294927119,0.21085403665242677,-6.9428506431762775,,,,3.970289060946594,-7.685628367308259,8.29780611231055,,-1.8697388715247372,-1.5075662405447272,,-5.2763731085614,,,0.6871628213401899,,8.883294227090614,-2.1490684401610043,,-0.20470836217247995,-0.4603999706319642,9.6542752016713,-4.061657225496173,-1.3551293889809735,3.2332533864911883,,-2.12688848745215,,0.545190060033785,-1.2748502166108868,8.560152122241684,1.513299276601503,2023-10,0.2,2023-10-24T01:30:00+00:00,2023-11-09T01:30:00+00:00,ccf88fb59224aa47b8523dd09e458216667146605703e53b8df95fd2f13d15a4
-10.375637396726734,0.49078861267983115,,,-3.6112134659351938,-7.084910386928299,,,,-5.28869141325788,,5.2608486570992055,3.941548190616214,,4.328022001950948,-7.014357115504601,-4.112882246902628,,-8.47897405336748,-4.462646862833728,1.1168101187738384,,,,-1.0485465503210278,-4.737365616902851,0.027888422241693987,,,-7.090263573413836,-3.4676508113013655,0.31820459264179674,-2.599630268306168,1.5111303841363686,-2.020738457505635,,-1.1612252470156201,,-1.8314896040110284,,,,2.119271132014325,-4.2333359104871136,,4.80441738327106,-16.094355868512466,3.8178584027952858,-4.683129968409909,,,,-13.553208660144595,0.20809549445723707,-4.8489477162728045,,-7.522767837734305,4.32157516687499,,5.164319311019596,,,0.0,,-3.836970386097329,-5.398557609005226,,-5.619571441367438,-1.153753699181377,1.1581342145687894,2.231240565121593,6.6245901132015215,-1.9205124993615832,,0.08935220251960319,,0.5766403361313116,6.3534454746098925,10.274262871777953,-6.686616056658303,2023-11,-0.3,2023-11-24T01:30:00+00:00,2023-12-09T01:30:00+00:00,9d3cf527c42f445ce64bd6594abc058c65b76f9968cc1f7cf2c24a7009c9f00a
-0.13774910831814852,-5.211334640248041,,,-3.971577032702383,0.39876436052561576,,,,-0.330560721319072,,1.1287072590588805,2.145173872825578,,1.7734210902829513,0.3678986648121836,-0.35252918533701044,,0.607180864147388,2.3757203097211956,-2.821477295225689,,,,-1.1415132693562366,-0.8342629994604102,-0.9966697996068419,,,2.2679923221370277,-4.797298417459625,-1.5771374340606608,-5.691404794715515,-6.328254440231289,-1.4165067019381463,,-11.001967965526594,,-0.13016914109827737,,,,-2.699114486658286,-4.111676891721063,,1.721316846915344,-3.577576910700294,2.2402769796365836,-0.6872879287762065,,,,-9.302852080965494,-2.090347130312172,0.9969355358089755,,-3.3819678311784056,0.16150743752982777,,-2.61662292629691,,,-1.7153079226249468,,11.970122147451068,-0.32094382684918216,,-9.148685775709135,1.0513962012698561,11.040797547586855,0.9412965856607842,0.626309495806492,-5.531696531180012,,0.7415131113821232,,0.044219526097644395,1.1106273140665563,6.486774562322663,0.520640819057375,2023-12,-0.3,2023-12-24T01:30:00+00:00,2024-01-12T01:30:00+00:00,b7d3feaffa097fe08ff1ec60391d05768b7d372c5bdf127834a18229543a0478
-1.1573183343026108,3.5057840844427846,,,-6.032291718298024,-3.998909105782198,,,,1.0936697515504024,,-0.5843768127013893,0.3237201178981794,,-0.5613151447391708,-4.00310298298937,1.8021888172247191,,-4.466219744336651,-2.3512623162029214,0.9668089622148226,,,,1.5881735686671223,-2.1074668031491797,0.2140608138268422,,,-19.34554890182641,-0.8355926841630525,-1.7195109924374679,-10.613876188981065,3.541930071843316,-4.597315366519221,,9.368117880538364,,-6.4292300302157015,,,,-5.888000931750016,5.572986414611807,,-3.2869666329760183,-2.7567615362256657,-0.07555248108554673,-5.675281659244948,,,,-12.66905390991041,-2.530674538880581,-4.616418173440116,,1.8222067108091027,-1.1904902506318427,,,,,-5.329858172436196,,-8.133151761353744,1.2697902514180917,,-0.8108797113952503,0.30675871720252407,-6.373556727743786,-1.0546028855471292,-1.2821666910302056,3.303955163440906,,-1.9308828262348552,,0.1104633435429535,-1.3823270591040497,-12.204211080701947,0.9058746468354825,2024-01,-0.2,2024-01-24T01:30:00+00:00,2024-02-08T01:30:00+00:00,5ae8a0de60cbf042efbdfe81985cdaa0ae3016d3b9b0f9b016a78da256a94f10
3.883587292806666,2.3378844896854787,,,-1.8839947120430107,-7.5612244817543734,,,,4.831121011438826,,-1.930293959059207,-1.9255705993635586,,-0.22028751171879146,-7.528676783853561,-0.32310205814464205,,-6.784978244122709,-4.1934411341848605,5.642698045920307,,,,5.965563053285369,2.7591027403129997,1.965682904158899,,,14.483094787845605,3.737346163080204,1.4924953442149593,-4.334971322224321,2.6262671626300116,-2.995902664682536,-4.782569802896237,1.3871090136796556,,3.4441577632319547,,,,-0.7424926339114313,-0.35749521879970114,,-2.928280520048788,-4.613811759702614,-1.8542626398952389,2.6847250036188055,,,,-0.869652895607571,-1.1400371303933814,-7.059227019990311,,0.8279072150282119,-3.6537507431358938,,,,,1.8120689536211396,,-14.433613945390247,5.144973600985413,,2.9643636902178,-2.7759109067937984,-6.118402702843444,7.347374049127439,1.0773093974483072,-1.3353630595437214,,1.2690578104067067,,-0.022024006255753216,0.7212046001256022,-2.8551160223208503,-10.234388718577545,2024-04,-0.2,2024-04-24T01:30:00+00:00,2024-05-11T01:30:00+00:00,3b238fd8be7a18c577ff9bb5324acb2065a57aac749bdf0944d9cad4f24fcae0
-1.3102608349079685,-2.3283426566921164,,,0.013085294328755865,3.3187257701832444,,,,-4.159440891434903,,0.7184321928346974,0.38654860655774387,,-0.052521009610668884,3.319707824041756,-3.9609138095045826,,5.092009042725695,-3.816425595830452,5.045998415350105,,,,1.1521483454534611,-4.36741673075921,1.7101063753691101,,,-6.4520251458842885,0.9105764149337784,0.39241903049081656,4.242953832409717,9.046323759950557,-5.047764881366274,7.192843572478817,0.6920678777347717,,2.415903824992259,,,,2.032550016080832,-1.01496900136215,,-2.783870622788388,1.928590688658325,-1.236650654213339,1.31580845775112,,,,8.757294591719832,3.3525822360190243,5.038653899823465,,-4.672206630679765,0.5023733702716996,,,,,-2.3895999628363125,,19.529219260228075,-4.173392460256516,,1.0294314537074307,0.33818392040797274,5.961563734162651,7.19883700776683,2.150150449834498,-0.4252330415778196,,4.74102259008656,,-0.29411785908162624,1.9885204957936924,7.37842847613808,-1.4500181265470364,2024-05,0.2,2024-05-24T01:30:00+00:00,2024-06-12T01:30:00+00:00,c8ed7aaf12872faf57b402c3df1f533bd88946cc034044231aaf6653a12f9bd9
-1.7969452576772071,1.3478712156778987,,,3.201852844588581,3.1041702685569508,,,,-0.4654316832533053,,-2.116697550008767,-1.8587316702638805,,,3.065063853811115,5.566084710555382,,2.1439137264331496,0.4202971187865349,-0.433886071444661,,,,-0.2755994327066642,1.3435602826116868,1.4587990428881437,,,0.08765522840279728,-1.212800826058335,1.419336429109685,-4.459300070641135,3.374630168273053,-4.4579746644101625,-0.1063716726189878,7.088006156025129,,-1.9750241713861656,,,,-0.8340039804498662,14.526215807982926,,11.767232433603777,3.18228216597618,1.8247233774489842,19.53087523207659,,,,8.7156331836449,1.8135941379596652,2.464098388922745,,-2.3039015483395504,6.75441611427538,,,,,-9.241232701573528,,-7.128786011340018,-0.5523025672863029,,-2.5557798076173506,-0.5858717374048326,-1.2739025777429713,-4.176471400260995,-3.035026059008187,6.61567017112155,,-5.706854763683888,,0.11039559538839633,,0.4871043218208802,-0.871927286728822,2024-06,0.1,2024-06-24T01:30:00+00:00,2024-07-10T01:30:00+00:00,5e70b4f54d0453737a354c7b3494d4a0281a38cc2c38d3e39b36e0089bf13be5
-0.7763812002214834,-0.6021902606972307,,,0.1224222877003991,-2.7371973796607114,,-2.8431809589912507,,0.44736608382476434,,-2.461252278640656,-3.677532488099363,,,-2.713322372623263,1.7138910401057355,,-3.0675249893480614,-0.2213910363008261,1.7614654440187036,,,,-3.6072400990550966,-0.17214270088383826,-1.8593110185359905,,,18.988632955772744,-3.38129473112334,-0.2825210026725449,-8.036111154520958,4.671760235225791,1.0452985991744324,-1.8822265096401571,-9.452030742413395,,0.24877131898899124,,,,-1.2341466857188417,-1.3165295361542724,,-0.20688643407071783,2.4134982709384194,0.6985502536864359,2.127739844728488,,,,-8.394326841483117,-3.467959071836342,-3.5739539469752812,,-0.2748743503829087,-1.335972718993153,,,-2.47151676396188,,1.65858294659935,,2.033180696502209,0.41094894608171406,,-3.0996580693623805,-1.0307864766833381,-0.4420010279666539,-0.5450226285523123,-3.504455231586487,-3.641553574436165,,-1.3528954940319564,,-0.03923780612913661,,3.519264772564131,-9.41156272941657,2024-07,-0.2,2024-07-24T01:30:00+00:00,2024-08-09T01:30:00+00:00,6168af7c465f01602abef810632f2dbf7e282f8133f4fca1093705ddfb13de82
0.0,-0.24970117332369315,,,-4.108043402179783,-1.1386593219570422,,-10.034797383428199,,-1.5422322744813992,,-8.018835963181964,-12.37849452406992,,,-1.1181191047131305,-6.369653669166003,,-1.26727501370171,0.1489203551467833,-4.009040272693811,,,,-3.3871797251470284,-1.9371604195061454,-2.060417462500002,,,15.166311635545663,-0.5920564209050531,-1.0577254838727643,-5.563132301468915,-9.286725020873671,-0.9104643635431824,-7.431488366641584,-1.2813805854535518,,1.5310885271953016,,,,-2.3689999763191993,-4.772336844730263,,-4.168528618144307,-3.1417452083284783,-0.06507874757865935,9.531017980432473,,,,1.0006984818488571,-4.129252354580432,-1.416497895083543,,-7.48194680628034,-4.283483115371037,,,-13.27002245525607,,4.450677457565807,,-10.211881495801029,-1.419074430112593,,0.3129718308697882,-3.5709053297470956,-13.278111123381855,-7.827138994989659,-11.352146106495212,2.3788861964014574,,-3.5167895180614717,,-0.16201888854468696,,7.3870194369504425,-6.354218151996364,2024-08,-0.7,2024-08-24T01:30:00+00:00,2024-09-09T01:30:00+00:00,83c8896f2529d171923be6bbeefe29bf6da3f02e856ccb3f774f660e81f82547
-0.8555270327658133,-3.556350258378954,,,-2.41586657548343,1.7803964214186592,,3.6290001405200645,,-4.985545676531859,,-2.2956157023638992,-0.9428053947804071,,,1.736521402159927,-5.386112145644463,,2.0726130517116954,-1.0509858543966473,2.668788502696431,,,,2.581097605108582,-4.2370132066787365,-0.9142783706148856,,,-10.887204724288344,0.45661806136096056,-1.613891615155292,6.154657687210021,-8.605715875585094,-0.5445365458571949,-9.215176925893921,-2.421587021127482,,-1.2549558081168233,,,,0.6450902552353899,8.714497837788873,,-0.5257473065748551,5.809191229440901,-2.748849059612477,-8.483887993702943,,,,-3.467142024384959,-3.7885571724202087,3.6389795754160215,,-0.6062487138344634,1.6921801161100172,,,-2.3696897651969264,,1.8541940360912266,,-12.700210314649299,-5.271618012106661,,0.8399663296804762,-2.7512051589716235,-4.512043528046954,1.6256176897068126,4.6453894540696785,9.13512632490831,,-1.6906759056240765,,-0.598796806620606,,7.488868806687128,-14.793519020418177,2024-09,-0.6,2024-09-24T01:30:00+00:00,2024-10-13T01:30:00+00:00,3a5aeae2b54a21b978ff4ae12091b41d8c51088cd1c695f198f53f55088901e2
-14.680405562640228,-4.358908323015257,,,-5.2512294815976235,0.26434644758021236,,10.538672076520312,,-5.12413490185432,,9.289729818081355,13.97160297468821,,,0.2787782035480827,3.4605529177475525,,0.10513866128192048,0.6265516066820718,6.361004232979729,,,,5.100660155024947,-1.565103222832121,3.3856953024361336,,,-3.413300636945847,2.3608341604508842,1.5796269864594898,-1.8445759606028926,-0.04094941582068189,-0.03695567414305516,-2.663639732438984,-10.560923096432619,,-2.044945448755152,,,,-8.261013228076026,2.128432566639021,,6.279281222754801,7.696104113612839,-0.5064830455797305,-7.010956618702659,,,,5.892428369354505,4.2998438692504015,0.4922077205428455,,4.019240908677912,7.831330638614204,,,14.019188966139753,,-2.58423853895467,,16.67304011419003,-5.240832750644881,,0.23498715624436953,8.622755299114814,8.829260714567821,4.011104654655423,13.400185928212819,7.134120817223169,,0.521225615743138,,-1.3411330509884338,,-5.3804157084305855,0.8557656096110148,2024-10,-0.1,2024-10-24T01:30:00+00:00,2024-11-09T01:30:00+00:00,fe70428e4384d46d3b9f6ef8f2f654adfed79d283b38a34fa80757280094773b
2.971131491507729,0.4227131678245048,,,-0.9585423543404088,-1.6973062628461477,,-8.017155606392876,,-2.0618540880889524,,-3.0035386535405655,-3.05767133204564,,,-1.6726514297342652,-5.281252875646619,,-1.7891935769153526,3.616234498765531,-0.43381430733734855,,,,0.7503189607944449,0.9334014076233907,0.22812193461055594,,,4.449340754741466,-0.05742909260349231,-1.4244139388143764,1.0507402532965358,1.9738737318296002,-0.09450437272436267,-1.762440778047477,-3.4960459576977243,,-3.2712325418095487,,,,-1.4640026647184565,-15.140969003337085,,5.357664943765648,9.911499932009564,-2.1790613195516246,-9.363560503399256,,,,-4.428040874189394,-5.079671314811649,-2.150620522096373,,-1.3243791091051331,0.7976114070008817,,,-2.2758754605005516,,2.749441868356143,,-5.566047241128079,-2.3273723224912635,,-2.8679022070780555,-3.7948222281649207,-11.163997114266943,-3.017503847959382,-9.47597834511056,-1.1411302282331504,,0.8947428112200235,,-2.0524312462292382,,-11.901032430326866,15.01951543251488,2024-11,-0.1,2024-11-24T01:30:00+00:00,2024-12-09T01:30:00+00:00,8457c86507d1a44e3651d49eec9bf8b90c5c9c8c188c61736d1869e677b9954a
0.9225924665411502,1.4437301724121345,,,-2.6462350541207997,-6.434461139449053,,1.1433212746759294,,5.789969242707942,,-0.28159700569360174,0.033410363091644496,,,-6.468007397240291,-2.2336277917918386,,-7.3655464844177985,6.803644313137427,3.5631119110450644,,,,-3.6916353318409514,1.7225569404203926,3.7456536745354465,,,6.258976142185796,-0.14052122905046,0.4588754950569468,-5.357375783642431,3.2096642497956345,-1.3658587405398004,-2.346291696233954,4.618442942150326,,4.459285035790448,,,,-2.539843131787808,-1.7745320042780184,,-1.1939611500331233,-10.113918367927385,1.4873206117999596,-3.1155167779795576,,,,-6.699943853010288,-3.450024582902907,-9.297177887239375,,-3.4303505283793507,0.0992555912751643,,,-0.18965400915006084,,0.6483795002549545,,-4.8946067844809305,6.123961861024608,,-3.4006367985195087,-1.3378743136452897,-3.7808167958063104,0.020210632333658936,1.0771355229915212,2.8510625777494156,,6.2989968806191605,,-1.1469254224639767,,0.58636474601615,-3.699730955500602,2024-12,-0.1,2024-12-24T01:30:00+00:00,2025-01-09T01:30:00+00:00,115661d0b82f03cd019c12dd44a3b5239b0c761dd4ae1865a5d0ba5376df4183
0.11072794743799494,-4.874197579996586,,,-0.29565410321113716,-2.9422789537270986,,-1.2200094840723401,,9.622486580414797,,-2.6643589735223308,-3.3255742479770727,,,-2.923923584261543,6.14499623162226,,-2.6104289406821835,0.7498659242869974,-6.331446404228261,,,,0.43663961717906274,4.454361091210257,-2.8429429025417385,,,-1.5830320822125523,3.436591598420957,-1.207721509389226,5.1382889932644185,-3.8421895972857176,-1.8167026131405708,-7.915215636345541,-0.325845366190428,,1.6411014241661168,,,,0.7750988551286535,6.22233431801319,,-3.669875629674249,2.339904394391178,0.1894388442451297,-1.2739025777429827,,,,-6.8999560204089025,1.0987933526868467,-2.6028172054335754,,0.04938933714073253,-1.5244578619952969,,,-2.827612095068306,,-0.8466562713719906,,-6.931505136761894,9.93128377554894,,-0.42016868536999696,-0.9777575648720201,-8.788004720543368,1.3351194728244926,-1.9442834094150658,-3.9342969732018425,,-0.08613441602242991,,0.16280966498988877,,-1.388179433126899,-1.2594985445888063,2025-01,-0.2,2025-01-24T01:30:00+00:00,2025-02-09T01:30:00+00:00,2d5b04142917f8465da25e3bb82fc500241eed0bdc2809068590fc6dbfa86849
0.41248145769498984,1.152349304088069,,,3.2003119657740142,-2.589141393274159,,-0.4699323687395308,,-3.202074051886955,,1.2892120391277966,-0.04605641992754206,,,-2.6521181564207996,0.687287928776205,,-2.8626907984708083,-0.4086333656908833,-2.4638278919920737,,,,1.8348597944833023,-3.9038747986334594,-4.346719033396255,,,-2.7927346903579964,1.4911125334437128,-0.4888268460432184,16.42474988219547,2.064292116000653,0.24583575302144292,4.5191994191373555,3.238615712205201,,-2.9128077593699224,,,,1.0836860079158994,0.3307740759520676,,-2.464190393692898,8.149212835930758,0.18570734491463464,-5.264373348542191,,,,-3.0044522672827587,-0.270138169562119,-1.709738565463594,,1.625335319635798,-2.009478782535592,,,-0.34744053286504945,,2.25199547569089,,-7.269814127801869,-3.3601146051566695,,-1.2409309559499715,0.08672722489112011,-7.410797215372185,1.751361458984272,-0.23671486924955218,2.769881911863369,,-2.876428824273973,,0.5562007386285241,,-1.4124003608342897,1.1812429293121562,2025-02,-0.1,2025-02-24T01:30:00+00:00,2025-03-09T01:30:00+00:00,280c062c29493002ed6408508d0999f97fff318c4ed530faaa4f10bb0d8cc80a
0.7474321266401983,-5.161720145660794,,,4.732567658643612,-8.648417447435305,,-2.664432896237122,,-5.789676492545174,,1.0234190913452825,0.06619943540505539,,,-8.580256703656977,-4.018007730553073,,-8.882373611136067,-7.559661556484805,0.5559857943713475,,,,1.2039975075060212,-2.2799767475291572,-1.1740633529910274,,,37.03149183326006,-2.2038739258669224,-1.1038856590809891,-4.924720034645205,2.1012541794578365,1.6208626948410638,4.4269250663891615,-12.55956698384403,,-0.7231489379728002,,,,3.8155259185579022,-5.768784860825797,,4.472289999397813,-2.5578831938413398,6.063255911180131,0.0,,,,-4.461156178815772,-2.6858984452217083,-9.131191285254905,,-0.9028131997851876,-0.07711091501484374,,,-0.9285172341842913,,1.890218063074189,,-8.69854846757617,-5.884826305077094,,-0.8868088887785239,-1.119146530701849,-4.87863180229824,3.53563167408387,-2.8080025768040877,-3.413743912453371,,4.330718463066248,,0.6960288085662716,,3.6207207783558197,-6.947083678763496,2025-03,-0.4,2025-03-24T01:30:00+00:00,2025-04-10T01:30:00+00:00,f5b6e2fdc7afa01c50497dc9bf5fec2573db476b329489c1020f68a7041271ba
-0.9374944525071374,-7.355602246697021,,,0.09112863436492476,-2.12611357485192,,-2.547719377794006,,-1.424212245660208,,-2.312631130473085,1.5927721546004106,,,-2.1689009630210614,-9.010024569921296,,-0.6334410245313052,-4.005532245757465,-5.708479511131085,,,,-5.328564861399624,-1.5921165473301326,-6.145972417641998,,,6.271317158128858,-3.682388640193288,-0.7197734402737155,-1.626769610803085,-3.3647418164855574,-0.5345819613664748,3.019924315642867,-8.928453450809224,,3.3997494000711495,,,,1.2831470955515205,-15.88125612825004,,-4.888957268882402,-16.755572845285513,1.6124810055445724,0.673403218134412,,,,0.8075414005545332,-1.5012250935636868,0.38095284166676485,,-4.910114995484493,-3.8264626251318252,,,-2.399027626045262,,-3.711889765625742,,1.0124125270190651,-1.4816848973125518,,0.6430890330290332,-1.5520475821835922,-1.0637102447818374,-5.116521153682213,-2.3506990088396864,-12.786972897650047,,-3.1843936347765154,,0.09685477639445406,,1.1129176078724496,1.3713894512802554,2025-04,-0.4,2025-04-24T01:30:00+00:00,2025-05-10T01:30:00+00:00,421d3867a5679cb857b6a398204f6a765a96d88014be4a69d4de1db658b57794
0.5995269505946736,2.8538465072989716,,,5.351335407634377,-6.919353367283605,,1.2017722586703936,,-3.5491041212850094,,-1.3319429767997362,0.1895520633185966,,,-6.8992871486951435,8.320307451888862,,-8.549231244110105,-2.9398895373435447,0.5286355923148025,,,,2.1801060070740697,-2.511117506693103,-2.1633429965334567,,,-10.568450723687942,-2.277980528867508,-0.30374597073861387,-10.80068491287751,0.0962887060768072,1.8997626390207085,2.006791173271319,-2.881894861221551,,-4.945413653758797,,,,2.480674244931219,4.913345562416955,,-5.928343988527076,1.7550386966518658,-0.37246322343933147,-1.3513719166722933,,,,2.958483069064084,-1.2298355521854254,-8.135852862640332,,2.971189995703148,-0.9125130414838268,,,0.03930045246103403,,-10.607236802937194,,-0.42381107550680874,-3.577410871767576,,0.5174622704822547,-0.27229260549700657,-1.174213926513268,3.4386179960320082,0.74583764303719,2.007640993715445,,-4.199342464299467,,1.7575766181310002,,-1.812561584428422,-2.661333627661621,2025-05,-0.4,2025-05-24T01:30:00+00:00,2025-06-09T01:30:00+00:00,4d42132370b03574e8e8251cb4c03268e668050607095c2f85cffd52d78d826a
0.06345597293954743,0.8534684682592605,,,0.9709231232544293,-1.8839815812486806,,-2.863625157617242,,2.861432330269311,,-2.904762486409304,-3.6878630385365883,,,-1.9231361927887645,0.8678115551319054,,-2.0054025014156593,1.0368528521845075,-2.64585602378888,,,,2.5267441756050815,4.779066383634848,-1.393518680029619,,,5.008550113811691,-1.6743617310064642,-0.7926908867925173,-2.577030933299103,-0.19267021667025372,-0.6182272503641848,-5.964460884309255,2.754425118021495,,-5.683420740603208,,,,2.2226463990439633,-5.747253215801767,,-5.965594556518151,2.8879615616420664,-0.2574650547802624,-3.4605529177475605,,,,-10.622849592237147,-0.5831646374031254,-2.463590147420413,,1.9718341323625692,-0.21592451034347526,,,-3.328160661733997,,0.5559289583050393,,-12.188409761967591,3.0026551833012096,,3.432958083325431,-0.5880732797834445,-9.916661928506382,0.49642270472007854,-2.511282941589,-7.419986852894188,,-1.2751306572220593,,1.27843356869206,,-3.8896301441990557,-6.431185955264832,2025-06,-0.4,2025-06-24T01:30:00+00:00,2025-07-09T01:30:00+00:00,49bd675ded4209b805249d3baf65fbc9dab889f596fb45376e4aaf9d9cf821a3
0.0,-4.177729966036587,,,-0.3983983678923297,2.124510861373628,,1.7370126168780722,,0.058362126971744324,,1.8576930758010597,-0.21137312276417386,,,2.1767824923796213,-5.925900665072255,,5.1256125884136,-1.2120400286982933,0.23702246136178595,,,,-0.372755840562447,-1.0384309305716493,-1.3261683374116289,,,6.733742071841539,-2.060320278612234,-1.4912446194730427,-1.989416932166175,0.5441434527228775,0.1611071297553885,-0.1754386414893362,-5.649274409068317,,-1.5367443465621617,,,,0.1934302604537241,-0.5636124349041562,,-7.134700070598249,-3.0254028843887486,-0.9920778975945876,1.398624197473987,,,,0.19663415045444635,1.1279676688580444,5.809740308709054,,3.441201239855503,-2.102466522328619,,,3.043639615022419,,3.4326356221409506,,-2.9477682014782154,0.06750648198016485,,6.7136261865247056,0.40935517202989113,4.772985692866493,-0.7446035627730634,1.601054770888348,4.277311773186093,,-2.0584375717128953,,-0.05685821445343415,,2.1569532400859712,-0.08244703245494059,2025-07,-0.2,2025-07-24T01:30:00+00:00,2025-08-09T01:30:00+00:00,227270d206a9abcda6c9e0b485f238ceafa7e3957c1aa33a369c62831d791671
0.0,-3.5647765989461475,,,-0.5164189296741969,9.640158509683644,,2.314113571727677,,-0.7049539710069794,,3.1286092782965915,3.9924657246480812,,,9.579943772495316,2.1176435603512935,,10.562531110489184,5.100035278346347,0.8202719257413636,,,,0.20424259079948848,-1.3973304306660281,1.1744568554407935,,,3.4410474642451687,-1.1840372719413164,-0.8438868645864708,5.313665746542659,-0.5411488400308917,0.11962957514407453,-3.132396765821592,3.494529190106272,,-2.0131256564920292,,,,1.0066022539904196,1.146522651933793,,-1.7467693040390948,-0.32143294808627065,0.9669238287913468,-4.255961441879589,,,,0.5301383857844945,0.35950940061666825,11.853619786552374,,-1.1551698937809338,-3.8823441082903636,,,5.40432910126176,,0.0,,21.326652655137334,-0.7463037136571409,,3.5534023377218524,0.8568661472119132,21.440987134545512,1.0974719462871965,3.1272013814315684,2.0965041768616346,,1.987853485493185,,-0.17324592874212696,,-6.771390372825091,0.31293775023612297,2025-08,0.0,2025-08-24T01:30:00+00:00,2025-09-10T01:30:00+00:00,e258e8ed4aa33c3d5887aa148dc7d5b630d9a4bf9b05a5bea9366795730bb4f5
0.48647782539738194,-3.0477885938801066,,,-0.5928571792731973,-0.8214723084336994,,-2.6120777054372084,,-1.2832440069884474,,-1.9205370153598693,-0.8051984191365346,,,-0.7509060554377245,-0.45055135277470165,,-4.9163546020262325,5.165866104083379,-1.115057946222387,,,,1.2545886610120547,-1.3856443854364418,-0.38635815088177333,,,-4.760767872576451,-2.9630754759848474,-2.890487582525191,-1.1080080379292445,1.0823473890560047,-0.5208129823020794,-3.8319748970176053,-3.080373239356309,,3.1756570180638386,,,,-0.25013815703803166,-0.0673848651451628,,1.2766906947883143,2.666219537028334,-0.314960890289622,-5.971923470162231,,,,-0.10350182052149205,-1.539525163087119,-6.438500472577494,,0.27264637456895036,-2.4685441072770793,,,-1.548264927830344,,-6.9132526539199946,,-1.2416168853740628,-1.4442229365507586,,1.2759766754952855,-0.6902135309607969,-0.2529512309956037,1.719463228990114,-2.386422228306026,1.4227379896854286,,-0.3315286493292761,,-0.3971213955666823,,-4.516268173372431,-0.8256321669122907,2025-09,0.1,2025-09-24T01:30:00+00:00,2025-10-15T01:30:00+00:00,964563b447a69117127c2854f85ebb7b9779c920acadd817ab839360b0b68b44
-0.707425608892805,-7.656773525368192,,,-6.718089803140029,5.131391556618926,,-1.6196285307095448,,-1.656302866366279,,-1.8673704298481701,-1.943092377696794,,,5.141649306005947,-2.9607673773374463,,5.833502080834791,4.94971701485171,-0.6471517890678741,,,,0.059328725933460016,-1.5488981579864824,-2.582287073004472,,,-4.5241722815179575,-1.5677208021758482,-3.659665332109034,-1.4596848846757227,0.24970870446205845,1.3215235243067727,-5.446277085234202,-6.289004275264226,,-3.0818108045085646,,,,-4.4264095573575375,-5.584569234562545,,2.2223136784710475,-1.81895090086669,-0.5979989660787478,-17.618656822643867,,,,0.5622182212121107,-2.89875368732523,4.723253846791375,,-2.6861733596303004,3.4675534147857032,,,-3.0349770597513497,,-1.7612290406201911,,2.5898223034068315,-1.5867042592448082,,0.6515726773374494,-0.913956834105179,4.713381854671008,5.881052732380376,-2.3386189551184464,-4.318482846091695,,-2.0622976974135807,,-2.045143260172675,,-0.6126706599637559,6.7167296338831335,2025-10,0.1,2025-10-24T01:30:00+00:00,2025-11-09T01:30:00+00:00,7b09493d9474e46dda55df61fa2f30a5fff1eefc94df8c52ee93bea04bdaff54
0.2341627110968665,-1.7848534114119419,,,0.6385363172663329,13.34334382385366,,0.5590446672759045,,-2.6041094904617226,,0.19590935957866157,-1.5090211776165352,,,13.237762251005064,0.8364934539378471,,14.726865079217276,8.43982731504862,2.1298154347521003,,,,3.5397559812317723,0.4292847989479767,-1.7156719036036785,,,28.074651442754888,1.0825740831079989,-2.3831571011904877,3.042084874094594,2.071673526950589,1.7513724500069094,2.345392380450076,-4.5703311912840485,,-0.8524182256810932,,,,1.3679270760954327,-8.057134835568263,,-0.39069486742049064,-3.6101651351112674,2.038675308831822,6.224230887722079,,,,8.369734856173405,-2.8418353503630813,14.626756693189124,,1.2739291969387423,-1.979126695173409,,,-1.1277007932742096,,0.3547360938798235,,8.573346733231977,-2.7789434785327063,,-1.0509578111859823,-0.9125557217475183,10.199916795512152,1.4021569169474233,0.9120792886879182,3.829141535453806,,-8.18636558612149,,-0.6698187505410763,,10.564431476641492,-9.26084065263476,2025-11,0.1,2025-11-24T01:30:00+00:00,2025-12-10T01:30:00+00:00,fe6d54dd97e376e9ec3d546c5ef3965002f18713216d2c6de2abf8e3e624b7c1
-1.6789873004166171,2.6609312906707077,,,2.868834935623404,-10.193780838032398,,2.1666936705107522,,0.03849903489488152,,0.05256702416474619,-0.9652470276525037,,,-10.133480455223951,-3.849752010324387,,-13.01021867958106,0.022016386570889574,3.40131813782819,,,,0.6291340616884548,-2.255344060135623,-6.352056133178709,,,19.91174601181343,0.10940822011646895,-3.72034673926444,1.358315721470481,-2.1698257890802806,0.3570357819420391,3.8043698430824753,-1.1584559327121209,,1.6386305865200832,,,,-0.22358348275766976,3.2087271907898627,,0.1422475346542779,-10.378571218275988,5.28685455649956,-0.8658062743114542,,,,-2.1055648134964016,-3.4829056127655793,-16.188720886207484,,1.9105128286388644,-3.929024048334404,,,-0.6680825934918226,,0.3534821637493029,,-4.483126978378449,0.11702300001274746,,-4.0144686049244385,-0.051625592689854886,-9.53101798043249,6.571458777192863,0.9764216556371595,0.7666483219761151,,3.338306228369333,,0.761156860103149,,-8.520466869645427,-1.9579844052299646,2025-12,0.2,2025-12-24T01:30:00+00:00,2026-01-09T01:30:00+00:00,c77012a2c2bf0c74daaabb566945ac36aed0c04824a45ee12f8ecc36c524d549
0.4464801909014282,,,,0.5408438705980678,,,1.2913723871834903,,-1.890183244334686,,-0.3714812315851489,-0.5369781107903346,,,-6.407591237178139,5.8149594862403235,,,-15.479033757975177,5.477493370259289,,,,10.264587351522346,-4.821379719639422,3.5202031017064392,,,-1.629616279443344,-1.794256747654488,4.213652335782367,1.4956656045774006,1.693439613726883,-0.0721067210667941,2.742739337106501,4.582565432030699,,1.72829361514308,,,,-2.375924244487029,9.503109137508943,,-0.8923850046845396,-6.221584255260991,1.0211356334415989,11.488027599842201,,,,-2.8671501221800675,,,,3.1605248881744674,,,,0.5494351601546399,,-5.8113662588737265,,-7.736532990282001,,,-9.896005386499006,-0.44607174134797983,-1.2005107127432146,10.006456944714822,1.026326037256419,4.5739779978790045,,-0.31362884479979125,,0.2836306601581559,,-5.733402188324832,,2026-01,0.4,2026-01-24T01:30:00+00:00,2026-02-11T01:30:00+00:00,825df6be80032195d13da5f810ee6e82c181ab927973bd0f5585a2aef39d8422
0.25919557044563296,,-2.4743184861605894,,-0.7855972060896763,,-1.2589410498309295,-0.7122325861342415,,1.2373843175504358,,-0.040262280539295585,0.826928644048445,,,4.333479729042615,-0.6460516385985305,-27.635050644223085,,-4.362533742097526,-0.16835020811137646,,,36.4133724612112,-0.0719917823720914,6.340751078333819,3.7279801518909994,,,39.54179779017307,-3.05009785375739,8.248441275722664,-12.33469530730592,0.2708744945114021,-0.05051977179245799,-0.021202162700005175,5.93535794554956,,12.954788855348632,,2.5553558701870265,,-1.413223026200714,10.857870640532168,,-3.1338970192719704,2.1106178547184697,3.468523713524337,-11.531084651099437,,5.153275603311281,,6.165263695396742,,,,-0.3428006084593606,,,,0.35858670325862985,,12.391015676920578,-1.3235081829835669,4.238939296026797,,2.5751221952766303,25.660431345236738,-0.0841875947311999,5.431540021226993,2.0542574862813097,0.03762109333648705,-0.5883025189921363,,18.12207098264951,,0.24950112743432046,,11.157528546343688,,2026-04,1.7,2026-04-24T01:30:00+00:00,2026-05-11T01:30:00+00:00,d734eb93df9123069fe6d2450fe95eb8b8f11ab6d0a34fb730a60e31da2a537b
-0.7486859366045244,,2.1556738365704065,,-0.25892216597048023,,-2.218110195502623,3.2062293895173553,,-11.739515083135597,,3.0648747984745417,5.710593813454825,,,8.273094849576905,-5.332532933857474,-1.4184634991956413,,5.082555116636339,3.2837379916989686,,,-37.418406046561344,-2.0473703352781403,-8.821092289138106,-1.3674493286547447,,,-0.22464707778780665,0.28999344996032533,3.8533367784104358,-1.0256500167188998,-0.8564241123469959,-1.9904474976453577,-1.3395082478819165,-4.401607880751009,,1.3314885424557101,,-2.8955252252028796,,0.3780722839905931,-7.039299912554847,,-3.778354412840562,-11.657634981897266,-1.4670592789441492,5.406722127027579,,9.031403359430904,,3.0219388154435243,,,,5.92966653156108,,,,4.353867955935198,,-8.31810951217241,0.4615392808401183,6.3238466637126916,,2.3316930940226728,-5.978640179244552,0.3387947599199449,3.761686357130677,3.727678164394014,3.9066387327753778,6.030093575781583,,-3.045031490806036,,-0.03738550732060474,,18.691069851576923,,2026-05,0.5,2026-05-24T01:30:00+00:00,2026-06-10T01:30:00+00:00,c8ef0f8e0520df826f52d9f91a2c6f5bc4f33c4a4b1237eddd7568cfbed2ef83
-0.9699370882923213,,-1.9993399283091364,,-0.7285690755774339,,-3.098901689570513,-2.092638731768241,,-2.0614942646995664,,-2.5913822716985955,-1.4461466487987076,,,3.182354581283758,-2.0888457322414853,-3.4887259000440665,,6.437664760419665,0.07823291804395545,,,-3.038978714452099,-1.627041704976537,-3.5678859632180164,-6.323696083853402,,,8.6632010081495,-2.591859635266273,-1.2361741577288372,-4.126294902428801,-1.3152817983323597,-2.9863777565297434,-0.6522055190216958,-12.659550353673646,,-11.603686368434085,,-3.276981360698076,,-1.9776726102088569,-16.19314536875864,,1.1985451806560912,3.317771491816694,-0.35209839672030535,0.0,,-6.544115928508469,,19.463996781163846,,,,-3.1980523020217504,,,,-2.2319077575610033,,-7.752508875670057,-0.8075496974165872,11.55529825489662,,4.538284299199096,-14.858465918161176,0.14062097569422347,20.532931503908276,-0.6050028958768761,-2.6884982124421573,0.4962789342129097,,1.3048095415356553,,-0.3371000133365255,,2.23829905622157,,2026-06,-0.3,2026-06-24T01:30:00+00:00,2026-07-09T01:30:00+00:00,3a51683e6be1f5518efa2addd1d4c7f8f1e0a458de8738993096ec98accbd159
-0.11409169319094381,,-1.3891612815608447,,-0.7032285636044583,,-1.336001095583988,-2.393449871186,,0.007842741826539192,,-1.3749982421961455,-1.5563851022686026,,,-5.8893232904533885,-2.8551901928440775,-4.849434993861027,,6.841954096809431,0.16278893537448053,,,6.99989252395669,-3.3383112653281843,-2.834373326717521,0.6849872215051186,,,2.200025599290079,-0.45085095290381855,-7.088104082439631,4.133077092400547,-2.7224746582377066,-0.8245693141164107,-2.7022005328636842,7.778727692544239,,-7.675147921133877,,0.307841076645587,,2.3365233368730753,-0.21198888515950995,,-3.9989648216158433,-2.281795202281953,1.0361069107333576,14.660347419187545,,-4.314982420302991,,5.126402485065539,,,,0.4630038948948768,,,,-1.8493236355678055,,-4.147104284069941,-0.7579794607676175,6.716945619062577,,2.205325118646596,-7.931101147772364,-0.2641357267048756,-0.21984933478227078,-0.4939150217600662,-2.495740270704033,-3.8367442214697456,,-17.33282914945752,,-0.20781959731182176,,-10.852331094909651,,2026-07,-0.7,2026-07-24T01:30:00+00:00,2026-08-09T01:30:00+00:00,1c541cbbbbc0c42409c3fb6439bd97290756aef623a762896867cb92db02f130
0.0,,-0.7662872745569137,,-2.0190183757572067,,-1.446249464345935,-1.8357518123448224,,6.759519498964763,,-1.0269367024096046,0.04308302164783169,,,5.8893232904533885,4.653442794788656,9.47453675893661,,-1.059775784405879,3.695550366282061,,,-4.072086694773636,3.3299630791754833,8.61237026886142,2.1051677846434433,,,-7.0235700490169,-1.0275892961923345,1.7801178065844012,5.029075742727255,-0.2193486736592513,-1.3478131334899375,-2.788677455777139,0.4314865199966996,,6.156226536422956,,-2.004200265133827,,0.8551415676901082,2.9306787979168263,,-0.36064955941117444,-0.6407477870646597,-0.2835163406986708,0.0,,0.26427354918602364,,7.335294022769047,,,,4.1259394749027685,,,,-1.226635782173979,,5.136104085770301,-3.0392665041293716,-8.719357613379787,,-1.001924798770113,-1.1494379425735133,-0.8713948958794021,6.825546889289806,3.6518251938177713,-2.797677917163652,0.5294693940675131,,5.65069160413678,,-0.17811677626524788,,-2.1655857127853966,,2026-08,0.4,2026-08-24T01:30:00+00:00,2026-09-09T01:30:00+00:00,0107bcbdf56610a1126a70b6a65c171dfd567bd91817de85b5ed500f3d7e4918
