forecast_id,target_month,as_of,as_of_precision,vintage,model_key,model_label,model_version,model_provenance,estimate_mom_pct,data_cutoff,feature_hash,code_commit,status,created_at,actual_mom_pct,notes
frozen-202608-early-cfr,2026-08,2026-08-14T23:59:59+08:00,date_reconstructed,early,category_factor_regression,Category-factor regression,lost-v0.4,historical_import,0.187,2026-08-14,frozen-august-early,unavailable-lost-v0.4,evaluated,2026-09-14T00:00:00Z,0.40,Frozen handoff value; intraday cutoff unavailable.
frozen-202608-early-gb,2026-08,2026-08-14T23:59:59+08:00,date_reconstructed,early,gradient_boosting,Gradient boosting,lost-v0.4,historical_import,0.397,2026-08-14,frozen-august-early,unavailable-lost-v0.4,evaluated,2026-09-14T00:00:00Z,0.40,Frozen handoff value; exact estimator unavailable.
frozen-202608-early-hybrid,2026-08,2026-08-14T23:59:59+08:00,date_reconstructed,early,economic_ml_hybrid,Economic + ML hybrid,lost-v0.4,historical_import,0.311,2026-08-14,frozen-august-early,unavailable-lost-v0.4,evaluated,2026-09-14T00:00:00Z,0.40,Frozen handoff value.
frozen-202608-early-ridge,2026-08,2026-08-14T23:59:59+08:00,date_reconstructed,early,product_level_ridge,Product-level ridge,lost-v0.4,historical_import,0.412,2026-08-14,frozen-august-early,unavailable-lost-v0.4,evaluated,2026-09-14T00:00:00Z,0.40,Frozen handoff value.
frozen-202608-early-sector,2026-08,2026-08-14T23:59:59+08:00,date_reconstructed,early,sector_first_aggregation,Sector-first aggregation,lost-v0.4,historical_import,0.188,2026-08-14,frozen-august-early,unavailable-lost-v0.4,evaluated,2026-09-14T00:00:00Z,0.40,Frozen handoff value.
frozen-202608-early-rf,2026-08,2026-08-14T23:59:59+08:00,date_reconstructed,early,random_forest,Random forest,lost-v0.4,historical_import,0.438,2026-08-14,frozen-august-early,unavailable-lost-v0.4,evaluated,2026-09-14T00:00:00Z,0.40,Frozen handoff value.
frozen-202608-final-cfr,2026-08,2026-08-24T23:59:59+08:00,date_reconstructed,final,category_factor_regression,Category-factor regression,lost-v0.4,historical_import,0.279,2026-08-24-approx,frozen-august-final,unavailable-lost-v0.4,evaluated,2026-09-14T00:00:00Z,0.40,Frozen handoff value; final cutoff approximate.
frozen-202608-final-gb,2026-08,2026-08-24T23:59:59+08:00,date_reconstructed,final,gradient_boosting,Gradient boosting,lost-v0.4,historical_import,0.453,2026-08-24-approx,frozen-august-final,unavailable-lost-v0.4,evaluated,2026-09-14T00:00:00Z,0.40,Frozen handoff value; exact estimator unavailable.
frozen-202608-final-hybrid,2026-08,2026-08-24T23:59:59+08:00,date_reconstructed,final,economic_ml_hybrid,Economic + ML hybrid,lost-v0.4,historical_import,0.370,2026-08-24-approx,frozen-august-final,unavailable-lost-v0.4,evaluated,2026-09-14T00:00:00Z,0.40,Frozen handoff value.
frozen-202608-final-ridge,2026-08,2026-08-24T23:59:59+08:00,date_reconstructed,final,product_level_ridge,Product-level ridge,lost-v0.4,historical_import,0.410,2026-08-24-approx,frozen-august-final,unavailable-lost-v0.4,evaluated,2026-09-14T00:00:00Z,0.40,Frozen handoff value.
frozen-202608-final-sector,2026-08,2026-08-24T23:59:59+08:00,date_reconstructed,final,sector_first_aggregation,Sector-first aggregation,lost-v0.4,historical_import,0.227,2026-08-24-approx,frozen-august-final,unavailable-lost-v0.4,evaluated,2026-09-14T00:00:00Z,0.40,Frozen handoff value.
frozen-202608-final-rf,2026-08,2026-08-24T23:59:59+08:00,date_reconstructed,final,random_forest,Random forest,lost-v0.4,historical_import,0.509,2026-08-24-approx,frozen-august-final,unavailable-lost-v0.4,evaluated,2026-09-14T00:00:00Z,0.40,Frozen handoff value.
fc0e74a31445a77f98d62fc7,2026-09,2026-09-14T19:40:00+08:00,timestamp,early,category_factor_regression,Category-factor regression,reconstructed-v1-early,reconstructed,0.04791737127526913,2026-09-14T19:40:00+08:00,74d55289913d74a01c4ad37c1cade5a767aef39a9cc2b47a60df4f8443307843,8ca4d4fcc4c0f3b56a10dd558ad82f1e989c1a1e,frozen_pre_release,2026-09-14T11:36:41.015384+00:00,,Reconstructed candidate; generated from immutable prospective source snapshots.
b3ba239fae03df7a0a5c5a5b,2026-09,2026-09-14T19:40:00+08:00,timestamp,early,gradient_boosting,Gradient boosting,reconstructed-v1-early,reconstructed,0.48904063615396154,2026-09-14T19:40:00+08:00,74d55289913d74a01c4ad37c1cade5a767aef39a9cc2b47a60df4f8443307843,8ca4d4fcc4c0f3b56a10dd558ad82f1e989c1a1e,frozen_pre_release,2026-09-14T11:36:41.015384+00:00,,Reconstructed candidate; generated from immutable prospective source snapshots.
b3c07893cd0593762216006a,2026-09,2026-09-14T19:40:00+08:00,timestamp,early,economic_ml_hybrid,Economic + ML hybrid,reconstructed-v1-early,reconstructed,0.2721627684605367,2026-09-14T19:40:00+08:00,74d55289913d74a01c4ad37c1cade5a767aef39a9cc2b47a60df4f8443307843,8ca4d4fcc4c0f3b56a10dd558ad82f1e989c1a1e,frozen_pre_release,2026-09-14T11:36:41.015384+00:00,,Reconstructed candidate; generated from immutable prospective source snapshots.
52a8cc00e524f9d5324dcc63,2026-09,2026-09-14T19:40:00+08:00,timestamp,early,product_level_ridge,Product-level ridge,reconstructed-v1-early,reconstructed,0.7943485012828573,2026-09-14T19:40:00+08:00,74d55289913d74a01c4ad37c1cade5a767aef39a9cc2b47a60df4f8443307843,8ca4d4fcc4c0f3b56a10dd558ad82f1e989c1a1e,frozen_pre_release,2026-09-14T11:36:41.015384+00:00,,Reconstructed candidate; generated from immutable prospective source snapshots.
49909774336621a30e4ac3fb,2026-09,2026-09-14T19:40:00+08:00,timestamp,early,sector_first_aggregation,Sector-first aggregation,reconstructed-v1-early,reconstructed,-0.026080527373963665,2026-09-14T19:40:00+08:00,74d55289913d74a01c4ad37c1cade5a767aef39a9cc2b47a60df4f8443307843,8ca4d4fcc4c0f3b56a10dd558ad82f1e989c1a1e,frozen_pre_release,2026-09-14T11:36:41.015384+00:00,,Reconstructed candidate; generated from immutable prospective source snapshots.
dbb67f42c8b6cb00011bb13f,2026-09,2026-09-14T19:40:00+08:00,timestamp,early,random_forest,Random forest,reconstructed-v1-early,reconstructed,0.5153152257464759,2026-09-14T19:40:00+08:00,74d55289913d74a01c4ad37c1cade5a767aef39a9cc2b47a60df4f8443307843,8ca4d4fcc4c0f3b56a10dd558ad82f1e989c1a1e,frozen_pre_release,2026-09-14T11:36:41.015384+00:00,,Reconstructed candidate; generated from immutable prospective source snapshots.
2935bf07ef4cd00093d386e1,2026-09,2026-09-16T16:58:21.013573+08:00,timestamp,early,category_factor_regression,Category-factor regression,reconstructed-v2-early,reconstructed,0.04791737127526907,2026-09-16T16:58:21.013573+08:00,d76ff16f9995d07ccfab3d43b2f191323d5e07919d94d2cb87e640e9a3920ffa,da95fc4ed1da61a38e38eecfe49b37a3cd67c91f,frozen_pre_release,2026-09-16T08:59:01.634438+00:00,,Reconstructed candidate; generated from immutable prospective source snapshots.
9b01d180e45a61c9c3fe218f,2026-09,2026-09-16T16:58:21.013573+08:00,timestamp,early,gradient_boosting,Gradient boosting,reconstructed-v2-early,reconstructed,0.48904063615396154,2026-09-16T16:58:21.013573+08:00,d76ff16f9995d07ccfab3d43b2f191323d5e07919d94d2cb87e640e9a3920ffa,da95fc4ed1da61a38e38eecfe49b37a3cd67c91f,frozen_pre_release,2026-09-16T08:59:01.634438+00:00,,Reconstructed candidate; generated from immutable prospective source snapshots.
d9b21e1d35ec1c30c95a4d00,2026-09,2026-09-16T16:58:21.013573+08:00,timestamp,early,economic_ml_hybrid,Economic + ML hybrid,reconstructed-v2-early,reconstructed,0.2721627684605367,2026-09-16T16:58:21.013573+08:00,d76ff16f9995d07ccfab3d43b2f191323d5e07919d94d2cb87e640e9a3920ffa,da95fc4ed1da61a38e38eecfe49b37a3cd67c91f,frozen_pre_release,2026-09-16T08:59:01.634438+00:00,,Reconstructed candidate; generated from immutable prospective source snapshots.
f9326eb111ed3ff1a50a5d4b,2026-09,2026-09-16T16:58:21.013573+08:00,timestamp,early,product_level_ridge,Product-level ridge,reconstructed-v2-early,reconstructed,0.7943485012828573,2026-09-16T16:58:21.013573+08:00,d76ff16f9995d07ccfab3d43b2f191323d5e07919d94d2cb87e640e9a3920ffa,da95fc4ed1da61a38e38eecfe49b37a3cd67c91f,frozen_pre_release,2026-09-16T08:59:01.634438+00:00,,Reconstructed candidate; generated from immutable prospective source snapshots.
08583c3c6b4fb7d94f9e5280,2026-09,2026-09-16T16:58:21.013573+08:00,timestamp,early,sector_first_aggregation,Sector-first aggregation,reconstructed-v2-early,reconstructed,-0.02608052737396372,2026-09-16T16:58:21.013573+08:00,d76ff16f9995d07ccfab3d43b2f191323d5e07919d94d2cb87e640e9a3920ffa,da95fc4ed1da61a38e38eecfe49b37a3cd67c91f,frozen_pre_release,2026-09-16T08:59:01.634438+00:00,,Reconstructed candidate; generated from immutable prospective source snapshots.
b08a1e0694792edeac98313e,2026-09,2026-09-16T16:58:21.013573+08:00,timestamp,early,random_forest,Random forest,reconstructed-v2-early,reconstructed,0.5153152257464759,2026-09-16T16:58:21.013573+08:00,d76ff16f9995d07ccfab3d43b2f191323d5e07919d94d2cb87e640e9a3920ffa,da95fc4ed1da61a38e38eecfe49b37a3cd67c91f,frozen_pre_release,2026-09-16T08:59:01.634438+00:00,,Reconstructed candidate; generated from immutable prospective source snapshots.
f43d68bf6cdd107f4ff2a6d1,2026-09,2026-09-19T04:46:48.549295+08:00,timestamp,early,category_factor_regression,Category-factor regression,reconstructed-v3-early,reconstructed,0.024454753168522053,2026-09-19T04:46:48.549295+08:00,d76ff16f9995d07ccfab3d43b2f191323d5e07919d94d2cb87e640e9a3920ffa,c95e1a75dd20fbd8341526f4f6d7ec1195402254,frozen_pre_release,2026-09-18T20:46:48.871457+00:00,,Reconstructed candidate; generated from immutable prospective source snapshots.
af63437fa2837dbdd8ba2fa0,2026-09,2026-09-19T04:46:48.549295+08:00,timestamp,early,gradient_boosting,Gradient boosting,reconstructed-v3-early,reconstructed,0.76984070028641,2026-09-19T04:46:48.549295+08:00,d76ff16f9995d07ccfab3d43b2f191323d5e07919d94d2cb87e640e9a3920ffa,c95e1a75dd20fbd8341526f4f6d7ec1195402254,frozen_pre_release,2026-09-18T20:46:48.871457+00:00,,Reconstructed candidate; generated from immutable prospective source snapshots.
80a525cbd94802944fbfe717,2026-09,2026-09-19T04:46:48.549295+08:00,timestamp,early,economic_ml_hybrid,Economic + ML hybrid,reconstructed-v3-early,reconstructed,0.7281696943030016,2026-09-19T04:46:48.549295+08:00,d76ff16f9995d07ccfab3d43b2f191323d5e07919d94d2cb87e640e9a3920ffa,c95e1a75dd20fbd8341526f4f6d7ec1195402254,frozen_pre_release,2026-09-18T20:46:48.871457+00:00,,Reconstructed candidate; generated from immutable prospective source snapshots.
1b87a2a2aac2d434ec97e895,2026-09,2026-09-19T04:46:48.549295+08:00,timestamp,early,product_level_ridge,Product-level ridge,reconstructed-v3-early,reconstructed,0.8804107734202151,2026-09-19T04:46:48.549295+08:00,d76ff16f9995d07ccfab3d43b2f191323d5e07919d94d2cb87e640e9a3920ffa,c95e1a75dd20fbd8341526f4f6d7ec1195402254,frozen_pre_release,2026-09-18T20:46:48.871457+00:00,,Reconstructed candidate; generated from immutable prospective source snapshots.
283020f68c4bfac0fa21454f,2026-09,2026-09-19T04:46:48.549295+08:00,timestamp,early,sector_first_aggregation,Sector-first aggregation,reconstructed-v3-early,reconstructed,0.5687567402424168,2026-09-19T04:46:48.549295+08:00,d76ff16f9995d07ccfab3d43b2f191323d5e07919d94d2cb87e640e9a3920ffa,c95e1a75dd20fbd8341526f4f6d7ec1195402254,frozen_pre_release,2026-09-18T20:46:48.871457+00:00,,Reconstructed candidate; generated from immutable prospective source snapshots.
cca0fe588d2814dc57f7dbae,2026-09,2026-09-19T04:46:48.549295+08:00,timestamp,early,random_forest,Random forest,reconstructed-v3-early,reconstructed,0.6113883269508268,2026-09-19T04:46:48.549295+08:00,d76ff16f9995d07ccfab3d43b2f191323d5e07919d94d2cb87e640e9a3920ffa,c95e1a75dd20fbd8341526f4f6d7ec1195402254,frozen_pre_release,2026-09-18T20:46:48.871457+00:00,,Reconstructed candidate; generated from immutable prospective source snapshots.
cdb21cf4278eee5c0c15ecb9,2026-09,2026-09-24T15:48:16.589073+08:00,timestamp,final,category_factor_regression,Category-factor regression,reconstructed-v3-final,reconstructed,0.5939016232194483,2026-09-24T15:48:16.589073+08:00,de84c745e35a5f7a1b245979488db352b6b419967b8ea8bd05bc57e4abe78604,5149765bccab218aa6286215aaec9c05deeda367,frozen_pre_release,2026-09-24T07:48:16.891844+00:00,,Reconstructed candidate; generated from immutable prospective source snapshots.
267503b12ddb16706864dc06,2026-09,2026-09-24T15:48:16.589073+08:00,timestamp,final,gradient_boosting,Gradient boosting,reconstructed-v3-final,reconstructed,0.8785324371360089,2026-09-24T15:48:16.589073+08:00,de84c745e35a5f7a1b245979488db352b6b419967b8ea8bd05bc57e4abe78604,5149765bccab218aa6286215aaec9c05deeda367,frozen_pre_release,2026-09-24T07:48:16.891844+00:00,,Reconstructed candidate; generated from immutable prospective source snapshots.
392bdf20797d19f7df2af8bb,2026-09,2026-09-24T15:48:16.589073+08:00,timestamp,final,economic_ml_hybrid,Economic + ML hybrid,reconstructed-v3-final,reconstructed,0.74263529449259,2026-09-24T15:48:16.589073+08:00,de84c745e35a5f7a1b245979488db352b6b419967b8ea8bd05bc57e4abe78604,5149765bccab218aa6286215aaec9c05deeda367,frozen_pre_release,2026-09-24T07:48:16.891844+00:00,,Reconstructed candidate; generated from immutable prospective source snapshots.
715c0d99634249c62c694f98,2026-09,2026-09-24T15:48:16.589073+08:00,timestamp,final,product_level_ridge,Product-level ridge,reconstructed-v3-final,reconstructed,1.2039621499183226,2026-09-24T15:48:16.589073+08:00,de84c745e35a5f7a1b245979488db352b6b419967b8ea8bd05bc57e4abe78604,5149765bccab218aa6286215aaec9c05deeda367,frozen_pre_release,2026-09-24T07:48:16.891844+00:00,,Reconstructed candidate; generated from immutable prospective source snapshots.
9c81707b86406b6afc5b68a4,2026-09,2026-09-24T15:48:16.589073+08:00,timestamp,final,sector_first_aggregation,Sector-first aggregation,reconstructed-v3-final,reconstructed,0.6624854279861522,2026-09-24T15:48:16.589073+08:00,de84c745e35a5f7a1b245979488db352b6b419967b8ea8bd05bc57e4abe78604,5149765bccab218aa6286215aaec9c05deeda367,frozen_pre_release,2026-09-24T07:48:16.891844+00:00,,Reconstructed candidate; generated from immutable prospective source snapshots.
d4e46ac46f40f7ba4013015e,2026-09,2026-09-24T15:48:16.589073+08:00,timestamp,final,random_forest,Random forest,reconstructed-v3-final,reconstructed,0.6456443843737961,2026-09-24T15:48:16.589073+08:00,de84c745e35a5f7a1b245979488db352b6b419967b8ea8bd05bc57e4abe78604,5149765bccab218aa6286215aaec9c05deeda367,frozen_pre_release,2026-09-24T07:48:16.891844+00:00,,Reconstructed candidate; generated from immutable prospective source snapshots.
e9962cfe5d20ff74b9b584c4,2026-09,2026-09-24T15:48:16.589073+08:00,timestamp,final,twentieth_to_twentieth_direct,20th-to-20th direct trimmed index,reconstructed-v3-final,reconstructed,5.045842685554779,2026-09-24T15:48:16.589073+08:00,de84c745e35a5f7a1b245979488db352b6b419967b8ea8bd05bc57e4abe78604,5149765bccab218aa6286215aaec9c05deeda367,frozen_pre_release,2026-09-24T07:48:16.891844+00:00,,Reconstructed candidate; generated from immutable prospective source snapshots.
19b198196cb2a7f4d517e953,2026-09,2026-09-24T15:48:16.589073+08:00,timestamp,final,twentieth_to_twentieth_ridge,20th-to-20th product ridge,reconstructed-v3-final,reconstructed,0.7799156750246914,2026-09-24T15:48:16.589073+08:00,de84c745e35a5f7a1b245979488db352b6b419967b8ea8bd05bc57e4abe78604,5149765bccab218aa6286215aaec9c05deeda367,frozen_pre_release,2026-09-24T07:48:16.891844+00:00,,Reconstructed candidate; generated from immutable prospective source snapshots.
