product_name_cn,unit_cn,category_cn,carry_log_price,first_window_log_price,first_survey_log_price,second_survey_log_price,month_log_price,prior_month_log_price,survey_aligned_change_pct,second_window_missing
乙醇（95.0%）,吨,三、化工产品,8.58307456052975,8.585954035987026,8.584514298258387,,8.584514298258387,8.59988825825814,-1.525638398419118,1
农药（草甘膦，95%原药）,吨,八、农业生产资料,10.153413239183829,10.145452858090925,10.149433048637377,,10.149433048637377,10.164889352798827,-1.5337468533273322,1
冰醋酸（99.5%及以上）,吨,三、化工产品,8.056363353971486,8.170836261787645,8.113599807879567,,8.113599807879567,8.002941153804265,11.70135537470919,1
复合肥（硫酸钾复合肥，氮磷钾含量45%）,吨,八、农业生产资料,8.194395036941843,8.1940635452261,8.194229291083971,,8.194229291083971,8.198060321777326,-0.38237016575095767,1
多晶硅（致密料）,千克,六、非金属矿物制品,3.7013019741124933,3.711130063048756,3.7062160185806245,,3.7062160185806245,3.508349682985658,21.879947282712568,1
大豆（黄豆）,吨,七、农产品（主要用于加工）,8.440765607966252,8.456784796221141,8.448775202093696,,8.448775202093696,8.414979543144117,3.437322022103558,1
天然橡胶（标准胶SCRWF）,吨,九、林产品,9.784878550863711,9.825526011066415,9.805202280965062,,9.805202280965062,9.736735407733743,7.086515006128395,1
小麦（国标三等）,吨,七、农产品（主要用于加工）,7.781263762960851,7.781472483297231,7.781368123129041,,7.781368123129041,7.781897354811171,-0.05290916637457189,1
尿素（中小颗粒）,吨,八、农业生产资料,7.464739034729211,7.479807696164023,7.472273365446617,,7.472273365446617,7.475585400667532,-0.3306556482522667,1
山西优混（5500大卡）,吨,五、煤炭,6.768608147571979,6.852559643514187,6.810583895543083,,6.810583895543083,6.7420013233982194,7.098905516340281,1
无烟煤（洗中块）,吨,五、煤炭,7.297835985046554,7.3890696993737395,7.343452842210146,,7.343452842210146,7.197507974170052,15.713239131558904,1
无缝钢管（219*6，20#）,吨,一、黑色金属,8.29702022354686,8.300752128161701,8.298886175854282,,8.298886175854282,8.299516326848597,-0.06299524908750444,1
普通中板（20mm，Q235）,吨,一、黑色金属,8.168174577126424,8.178835177834811,8.173504877480617,,8.173504877480617,8.153887507423853,1.9811055118040093,1
普通硅酸盐水泥（P.O 42.5散装）,吨,六、非金属矿物制品,5.516247350809359,5.524257005164247,5.520252177986803,,5.520252177986803,5.512810842056717,0.7469091473693192,1
柴油（0#国VI）,吨,四、石油天然气,9.027438646917162,9.072376312440662,9.049907479678911,,9.049907479678911,8.981976078990876,7.029188467350197,1
棉花（皮棉，白棉三级）,吨,七、农产品（主要用于加工）,9.775102892731136,9.771914241617766,9.773508567174451,,9.773508567174451,9.755099051935698,1.8580015030170594,1
汽油（95#国VI）,吨,四、石油天然气,9.200118304205883,9.254357257392957,9.22723778079942,,9.22723778079942,9.157245374175364,7.250003732731347,1
浮法平板玻璃（5/6mm）,吨,六、非金属矿物制品,6.979238380604001,6.979982912979018,6.97961064679151,,6.97961064679151,6.994763866163931,-1.503898706734706,1
涤纶长丝（POY150D/48F）,吨,三、化工产品,9.10219821335648,9.136424689026015,9.119311451191248,,9.119311451191248,9.05238193622585,6.922011150196414,1
液化天然气（LNG）,吨,四、石油天然气,8.652527956985855,8.70682132339263,8.679674640189242,,8.679674640189242,8.622019061034894,5.935007062282602,1
液化石油气（LPG）,吨,四、石油天然气,8.693463140781757,8.832179098395363,8.76282111958856,,8.76282111958856,8.67440742305336,9.24399671877046,1
烧碱（液碱，32%）,吨,三、化工产品,6.530002609440508,6.525909036472607,6.5279558229565575,,6.5279558229565575,6.530798927968961,-0.2839067216879831,1
热轧普通板卷（4.75—11.5mm，Q235）,吨,一、黑色金属,8.109645917103748,8.117193122739131,8.11341951992144,,8.11341951992144,8.091009575706291,2.26629333043032,1
焦炭（准一级冶金焦）,吨,五、煤炭,7.473466736232399,7.592819883348726,7.533143309790562,,7.533143309790562,7.425204635828614,11.397942734690142,1
焦煤（主焦煤）,吨,五、煤炭,7.77123577702397,7.8623047229733825,7.816770249998676,,7.816770249998676,7.583694773312228,26.247676329416812,1
玉米（黄玉米二等）,吨,七、农产品（主要用于加工）,7.7142757867097655,7.712801552039491,7.713538669374628,,7.713538669374628,7.716234958021827,-0.26926569257540395,1
瓦楞纸（AA级120g）,吨,九、林产品,8.06843428639978,8.04202424485828,8.05522926562903,,8.05522926562903,8.081012270701269,-2.545346167804591,1
生猪（外三元）,千克,七、农产品（主要用于加工）,2.388762789235098,2.3978952727983707,2.3933290310167346,,2.3933290310167346,2.369850539472849,2.375628109278187,1
甲醇（优等品）,吨,三、化工产品,7.963181670200647,8.125364680830982,8.044273175515814,,8.044273175515814,7.851063171618201,21.31375303800364,1
电解铜（1#）,吨,二、有色金属,11.598178880984873,11.61270292433328,11.605440902659076,,11.605440902659076,11.584420415180443,2.1242974116815327,1
白糖（国标一级白砂糖）,吨,七、农产品（主要用于加工）,8.55325507456126,8.560616599324662,8.556935836942962,,8.556935836942962,8.55478070593707,0.21574549699011897,1
石蜡（58#半）,吨,四、石油天然气,8.918984894158093,8.925653808504201,8.922319351331147,,8.922319351331147,8.904218189415953,1.8265980916444566,1
硫酸（98%）,吨,三、化工产品,7.551607167817205,7.5151811591366044,7.533394163476904,,7.533394163476904,7.588462526364161,-5.357955429233434,1
磷肥（55%磷酸一铵）,吨,八、农业生产资料,8.380319075254203,8.355262324270017,8.36779069976211,,8.36779069976211,8.402368110975704,-3.3986443489756493,1
磷酸铁锂（普通动力型）,吨,三、化工产品,10.949145518950576,10.929543485184192,10.939344502067385,,10.939344502067385,10.916401306410718,2.320841521425726,1
稻米（粳稻米）,吨,七、农产品（主要用于加工）,8.28906222359098,8.289288323000317,8.289175273295648,,8.289175273295648,8.290386446915083,-0.12104404446972016,1
纯苯（石油苯，工业级）,吨,三、化工产品,9.003279301492018,9.112198185824775,9.057738743658398,,9.057738743658398,8.96933362650471,9.243059476865112,1
纸浆（进口针叶浆）,吨,九、林产品,8.510289415099443,8.51034982893423,8.510319622016837,,8.510319622016837,8.486042248353897,2.457446845412861,1
线材（Φ8—10mm，HPB300）,吨,一、黑色金属,8.107057191658175,8.121807118749738,8.114432155203957,,8.114432155203957,8.09001057961963,2.472222471419588,1
聚丙烯（拉丝料）,吨,三、化工产品,9.125555605158345,9.17309530594627,9.149325455552308,,9.149325455552308,9.10038326059627,5.015964446106462,1
聚乙烯（LLDPE，熔融指数2薄膜料）,吨,三、化工产品,9.076294561347117,9.1312538736554,9.103774217501257,,9.103774217501257,9.051251835725122,5.392615055372569,1
花生（油料花生米）,吨,七、农产品（主要用于加工）,8.908113028082367,8.924882490842682,8.916497759462525,,8.916497759462525,8.903584206782465,1.2997292673506349,1
螺纹钢（Φ20mm，HRB400E）,吨,一、黑色金属,8.04888412558657,8.065485172133336,8.057184648859952,,8.057184648859952,8.031991126758628,2.5513560861747964,1
角钢（5#）,吨,一、黑色金属,8.141888646202926,8.151852234392228,8.146870440297576,,8.146870440297576,8.137257362158579,0.9659432190624611,1
豆粕（粗蛋白含量≥43%）,吨,七、农产品（主要用于加工）,8.066992189466681,8.103433780483254,8.085212984974968,,8.085212984974968,8.030318483118666,5.642915748127077,1
钾肥（港口62%白色氯化钾）,吨,八、农业生产资料,8.034955024502159,8.030767454473782,8.032861239487971,,8.032861239487971,8.049372474016678,-1.6375671227160302,1
铅锭（1#）,吨,二、有色金属,9.676988377408556,9.68073767372273,9.678863025565644,,9.678863025565644,9.654410554116827,2.4753884882271144,1
铝锭（A00）,吨,二、有色金属,10.078939735783303,10.100545821946087,10.089742778864695,,10.089742778864695,10.07480296750062,1.505196818372363,1
锌锭（0#）,吨,二、有色金属,10.169334207973993,10.203292099977464,10.186313153975728,,10.186313153975728,10.137078161431436,5.046717369195702,1
顺丁胶（BR9000）,吨,三、化工产品,9.559319781097486,9.623277494923048,9.591298638010267,,9.591298638010267,9.482824134234804,11.457649068359897,1
