target_month,as_of,vintage,global__mean,global__median,global__trimmed_mean,global__std,global__n_products,global__missing_fraction,global__second_window_missing_fraction,category__一、黑色金属__mean,category__一、黑色金属__missing,category__七、农产品（主要用于加工）__mean,category__七、农产品（主要用于加工）__missing,category__三、化工产品__mean,category__三、化工产品__missing,category__九、林产品__mean,category__九、林产品__missing,category__二、有色金属__mean,category__二、有色金属__missing,category__五、煤炭__mean,category__五、煤炭__missing,category__八、农业生产资料__mean,category__八、农业生产资料__missing,category__六、非金属建材__mean,category__六、非金属建材__missing,category__四、石油天然气__mean,category__四、石油天然气__missing,product__农药（草甘膦，95%原药）,missing__农药（草甘膦，95%原药）,product__复合肥（硫酸钾复合肥，氮磷钾含量45%）,missing__复合肥（硫酸钾复合肥，氮磷钾含量45%）,product__大同混煤（5800大卡）,missing__大同混煤（5800大卡）,product__大豆（黄豆）,missing__大豆（黄豆）,product__天然橡胶（标准胶SCRWF）,missing__天然橡胶（标准胶SCRWF）,product__小麦（国标三等）,missing__小麦（国标三等）,product__尿素（小颗料）,missing__尿素（小颗料）,product__山西优混（5500大卡）,missing__山西优混（5500大卡）,product__山西大混（5000大卡）,missing__山西大混（5000大卡）,product__无烟煤（洗中块）,missing__无烟煤（洗中块）,product__无缝钢管（219*6，20#）,missing__无缝钢管（219*6，20#）,product__普通中板（20mm，Q235）,missing__普通中板（20mm，Q235）,product__普通混煤（4500大卡）,missing__普通混煤（4500大卡）,product__普通硅酸盐水泥（P.O 42.5散装）,missing__普通硅酸盐水泥（P.O 42.5散装）,product__普通硅酸盐水泥（P.O 42.5袋装）,missing__普通硅酸盐水泥（P.O 42.5袋装）,product__柴油（0#国VI）,missing__柴油（0#国VI）,product__棉花（皮棉，白棉三级）,missing__棉花（皮棉，白棉三级）,product__汽油（92#国VI）,missing__汽油（92#国VI）,product__汽油（95#国VI）,missing__汽油（95#国VI）,product__浮法平板玻璃（4.8/5mm）,missing__浮法平板玻璃（4.8/5mm）,product__涤纶长丝（FDY150D/96F）,missing__涤纶长丝（FDY150D/96F）,product__液化天然气（LNG）,missing__液化天然气（LNG）,product__液化石油气（LPG）,missing__液化石油气（LPG）,product__烧碱（液碱，32%）,missing__烧碱（液碱，32%）,product__热轧普通薄板（3mm，Q235）,missing__热轧普通薄板（3mm，Q235）,product__焦炭（二级冶金焦）,missing__焦炭（二级冶金焦）,product__焦煤（主焦煤）,missing__焦煤（主焦煤）,product__玉米（黄玉米二等）,missing__玉米（黄玉米二等）,product__瓦楞纸（高强）,missing__瓦楞纸（高强）,product__生猪（外三元）,missing__生猪（外三元）,product__甲醇（优等品）,missing__甲醇（优等品）,product__电解铜（1#）,missing__电解铜（1#）,product__石蜡（58#半）,missing__石蜡（58#半）,product__硫酸（98%）,missing__硫酸（98%）,product__稻米（粳稻米）,missing__稻米（粳稻米）,product__纯苯（石油苯，工业级）,missing__纯苯（石油苯，工业级）,product__纸浆（漂白化学浆）,missing__纸浆（漂白化学浆）,product__线材（Φ6.5mm，HPB300）,missing__线材（Φ6.5mm，HPB300）,product__聚丙烯（T30S）,missing__聚丙烯（T30S）,product__聚乙烯（LLDPE，7042）,missing__聚乙烯（LLDPE，7042）,product__聚氯乙烯（SG5）,missing__聚氯乙烯（SG5）,product__花生（油料花生米）,missing__花生（油料花生米）,product__苯乙烯（一级品）,missing__苯乙烯（一级品）,product__螺纹钢（Φ16-25mm，HRB400E）,missing__螺纹钢（Φ16-25mm，HRB400E）,product__角钢（5#）,missing__角钢（5#）,product__豆粕（粗蛋白含量≥43%）,missing__豆粕（粗蛋白含量≥43%）,product__铅锭（1#）,missing__铅锭（1#）,product__铝锭（A00）,missing__铝锭（A00）,product__锌锭（0#）,missing__锌锭（0#）,product__顺丁胶（BR9000）,missing__顺丁胶（BR9000）,feature_hash,target_mom_pct,feature_cutoff,actual_published_at,availability_basis,realtime_status,product__涤纶长丝（POY150D/48F）,missing__涤纶长丝（POY150D/48F）,product__涤纶长丝（POY150D/48F）注2,missing__涤纶长丝（POY150D/48F）注2,product__热轧普通板卷（4.75-11.5mm，Q235）,missing__热轧普通板卷（4.75-11.5mm，Q235）,product__热轧普通板卷（4.75-11.5mm，Q235）注2,missing__热轧普通板卷（4.75-11.5mm，Q235）注2,product__焦炭（准一级冶金焦）,missing__焦炭（准一级冶金焦）,product__焦炭（准一级冶金焦）注2,missing__焦炭（准一级冶金焦）注2,product__瓦楞纸（AA级120g）,missing__瓦楞纸（AA级120g）,product__瓦楞纸（AA级120g）注2,missing__瓦楞纸（AA级120g）注2,product__纸浆（进口针叶浆）,missing__纸浆（进口针叶浆）,product__纸浆（进口针叶浆）注2,missing__纸浆（进口针叶浆）注2,product__聚丙烯（拉丝料）,missing__聚丙烯（拉丝料）,product__聚丙烯（拉丝料）注2,missing__聚丙烯（拉丝料）注2,product__聚乙烯(LLDPE，熔融指数2薄膜料）,missing__聚乙烯(LLDPE，熔融指数2薄膜料）,product__聚乙烯(LLDPE，熔融指数2薄膜料）注2,missing__聚乙烯(LLDPE，熔融指数2薄膜料）注2,product__尿素（小颗粒）,missing__尿素（小颗粒）,product__聚乙烯（LLDPE，熔融指数2薄膜料）,missing__聚乙烯（LLDPE，熔融指数2薄膜料）,product__线材（Φ8-10mm，HPB300）,missing__线材（Φ8-10mm，HPB300）,product__线材（Φ8-10mm，HPB300）注1,missing__线材（Φ8-10mm，HPB300）注1,product__螺纹钢（Φ20mm，HRB400E）,missing__螺纹钢（Φ20mm，HRB400E）,product__螺纹钢（Φ20mm，HRB400E）注1,missing__螺纹钢（Φ20mm，HRB400E）注1,category__七、农产品__mean,category__七、农产品__missing,"product__无缝钢管（219*6,20#）","missing__无缝钢管（219*6,20#）","product__普通中板（20mm,Q235）","missing__普通中板（20mm,Q235）",product__普通硅酸盐水泥（P.O42.5散装）,missing__普通硅酸盐水泥（P.O42.5散装）,product__普通硅酸盐水泥（P.O42.5袋装）,missing__普通硅酸盐水泥（P.O42.5袋装）,product__烧碱（液碱，32%),missing__烧碱（液碱，32%),product__热轧普通板卷（4.75—11.5mm，Q235）,missing__热轧普通板卷（4.75—11.5mm，Q235）,"product__线材（Φ8—10mm,HPB300）","missing__线材（Φ8—10mm,HPB300）","product__螺纹钢（Φ20mm,HRB400E）","missing__螺纹钢（Φ20mm,HRB400E）",product__尿素（中小颗粒）,missing__尿素（中小颗粒）,product__线材（Φ8—10mm，HPB300）,missing__线材（Φ8—10mm，HPB300）,category__九、林业__mean,category__九、林业__missing,category__八、农资__mean,category__八、农资__missing,category__六、非金属矿物制品__mean,category__六、非金属矿物制品__missing,product__乙醇（95.0%）,missing__乙醇（95.0%）,product__冰醋酸（99.5%及以上）,missing__冰醋酸（99.5%及以上）,product__多晶硅（致密料）,missing__多晶硅（致密料）,product__浮法平板玻璃（5/6mm）,missing__浮法平板玻璃（5/6mm）,product__白糖（国标一级白砂糖）,missing__白糖（国标一级白砂糖）,product__磷肥（55%磷酸一铵）,missing__磷肥（55%磷酸一铵）,product__磷酸铁锂（普通动力型）,missing__磷酸铁锂（普通动力型）,product__钾肥（港口62%白色氯化钾）,missing__钾肥（港口62%白色氯化钾）
2021-10,2021-10-25T09:30:00+08:00,final,,,,,0,1.0,0.0,,1.0,,1.0,,1.0,,1.0,,1.0,,1.0,,1.0,,1.0,,1.0,,1,,1,,1.0,,1,,1,,1,,1.0,,1,,1.0,,1,,1,,1,,1.0,,1,,1.0,,1,,1,,1.0,,1,,1.0,,1.0,,1,,1,,1,,1.0,,1.0,,1,,1,,1.0,,1,,1,,1,,1,,1,,1,,1,,1.0,,1.0,,1.0,,1.0,,1.0,,1,,1.0,,1.0,,1,,1,,1,,1,,1,,1,c670fa2a5df79a17f2ec6073b1f028b249ccd4aee694fad29f639065999d34f0,2.5,2021-10-25T01:30:00+00:00,2021-11-10T01:30:00+00:00,publication,pseudo_real_time,,,,,,,,,,,,,,,,,,,,,,,,,,,,,,,,,,,,,,,,,,,,,,,,,,,,,,,,,,,,,,,,,,,,,,,,,,,,,,,,,,,,
2021-11,2021-11-24T09:30:00+08:00,final,-4.1531768055484495,-4.3683082392545325,-4.348826182025559,12.60752589626925,50,0.0,0.0,-10.245272883399636,0.0,7.242838763714966,0.0,-10.720118358836817,0.0,1.3331017281444433,0.0,-3.2815037610718223,0.0,-16.57254639907361,0.0,-0.3363430378719248,0.0,-3.167531975202549,0.0,6.452905032369409,0.0,7.1921878162189685,0,1.9004169217343916,0,-13.973526407749592,0.0,4.147696021406026,0,1.7370831429885172,0,5.922617130910381,0,-10.101633851569135,0.0,-17.41827236336906,0,-25.003142516116426,0.0,-5.185638768821602,0,-4.073858604157985,0,-7.452345326560746,0,-25.689293930831624,0.0,0.9512911023115517,0,7.989538154003624,0.0,4.455432298997495,0,7.89762537308365,0,4.308922109064372,0.0,4.334982237366654,0,-18.443425181922823,0.0,-0.609973614211439,0.0,20.31768041034458,0,-0.2794269924646036,0,-9.903993754201236,0,-12.30677613473258,0.0,-11.944281712901576,0.0,-16.793669093725363,0,4.483623566469191,0,8.532230853267842,0.0,44.45918856072076,0,-22.219859311393545,0,0.5225382839204767,0,5.579840130907955,0,-26.482016457728076,0,-0.8201316916667293,0,-9.480470695113837,0,-6.27000881182303,0.0,-15.093444332332185,0.0,-8.644423718284258,0.0,-5.448784910125718,0.0,-23.507744131750858,0.0,-1.086115761747725,0,-4.66275787435108,0.0,-15.47109059009425,0.0,-7.074122312520075,0,-7.06179308945583,0,3.8702070628210428,0,-15.39796393957064,0,-2.1207964514581694,0,3.75884087879189,0,32fd678366d3be1e990ad2276a3ea843510904b6c5a1e2e48300debae0a0294c,1.0,2021-11-24T01:30:00+00:00,2021-12-09T01:30:00+00:00,publication,pseudo_real_time,,,,,,,,,,,,,,,,,,,,,,,,,,,,,,,,,,,,,,,,,,,,,,,,,,,,,,,,,,,,,,,,,,,,,,,,,,,,,,,,,,,,
2021-12,2021-12-24T09:30:00+08:00,final,-7.0592253877560935,-5.074798410690029,-5.4768457256437255,9.228343925857487,50,0.0,0.0,-4.636829681483825,0.0,-0.05430218256999386,0.0,-11.042712827630444,0.0,1.527595156581884,0.0,-1.267593175694865,0.0,-17.635720332869983,0.0,-2.8087033778044006,0.0,-9.52704428292378,0.0,-8.888978836121527,0.0,0.34637081543517295,0,0.07762238236234065,0,-11.401116171701718,0.0,0.021846953448659657,0,0.9375621600457642,0,2.260858824972795,0,-8.850103331210715,0.0,-11.9732463452291,0,-13.30187786524688,0.0,-3.6881458376183134,0,-5.903756377004195,0,-5.160161432691983,0,-13.335371587463388,0.0,-10.186176110222437,0,-11.248726112221608,0.0,-5.155650835097138,0,-0.9959141828878106,0,-6.784154735425268,0.0,-6.734255188105988,0,-7.146230626327293,0.0,-11.606672793603673,0.0,-24.040660353265025,0,-11.482130416795458,0,-33.00461259125915,0,-5.844911436127748,0.0,-29.970930931281224,0.0,-39.77935359154923,0,0.4869452472760067,0,-4.993945986282921,0.0,0.5799906241258692,0,-9.44936685053251,0,-2.243398389828557,0,0.8629785119597068,0,-21.162587675197088,0,0.3512081903039625,0,-11.313050536639157,0,8.639169295982809,0.0,-3.581292386615094,0.0,-3.8592815731539027,0.0,-2.525580306232484,0.0,-8.568602265456693,0.0,-2.762833852855791,0,-10.307509671764725,0.0,-3.197625648202577,0.0,-4.133230808261347,0,-0.37651926494364213,0,-0.044453469166655914,0,-2.4475090048401653,0,-0.3350118389440816,0,1.3701359875349435,0,9be25874b4552b71c00a5d15118bc22969e143b1d7c6a1b1c97eb63c9e1cfeee,-1.2,2021-12-24T01:30:00+00:00,2022-01-12T01:30:00+00:00,publication,pseudo_real_time,,,,,,,,,,,,,,,,,,,,,,,,,,,,,,,,,,,,,,,,,,,,,,,,,,,,,,,,,,,,,,,,,,,,,,,,,,,,,,,,,,,,
2022-01,2022-01-24T09:30:00+08:00,final,-2.6753565762975096,-1.0036782965865485,-2.428889672249845,8.727788009883628,43,0.328125,0.21875,-1.1471869898696219,0.375,-2.0793731532031354,0.0,-1.0400545255387217,0.5625,0.06949028554094834,0.8571428571428571,3.6463294835833313,0.0,-10.25857113911155,0.3333333333333333,-0.137114471644287,0.0,-8.05604226468805,0.0,-2.318823683876101,0.0,-1.8345384706115309,0,-0.08616983543315483,0,-20.51843093256106,0.0,-0.8320749351379056,0,0.06949028554094834,0,0.7809869624311653,0,1.5093648911118247,0.0,-20.87536604767267,0,-18.39163576739508,0.0,-0.7028872399766573,0,-1.1914419819556554,0,-1.6465096874359986,0,-22.93823421001731,0.0,-9.294487781128447,0,-10.898142664586231,0.0,-1.1297153399503688,0,1.217686672214293,0,-1.5061746556540896,0.0,-1.5314896139981966,0,-3.975496348349476,0.0,,1.0,-13.03071393798805,0,3.153733138547411,0,11.398336615597733,0,,1.0,,1.0,21.875127362953474,0,-0.6043791681093313,0,,1.0,-13.776229139802618,0,-7.76125313468927,0,0.7045114316916605,0,0.13141830578668612,0,-11.167401518367548,0,-0.8449442042437234,0,10.127118903673358,0,,1.0,-1.471844000260864,0.0,,1.0,,1.0,-3.810911895848708,0.0,-6.368467532913638,0,3.223083984014968,0.0,-1.0036782965865485,0.0,-0.422460983109044,0,3.7924361199366783,0,-0.20756029876785512,0,9.29388982337323,0,4.79447697803629,0,-9.289354633151587,0,2810ffe879a5fc12e588a238ab79857874efeb2fa4e046b99891cdafa636e6ba,-0.2,2022-01-24T01:30:00+00:00,2022-02-16T01:30:00+00:00,publication,pseudo_real_time,,1.0,,1.0,,1.0,,1.0,,1.0,,1.0,,1.0,,1.0,,1.0,,1.0,,1.0,,1.0,,1.0,,1.0,,,,,,,,,,,,,,,,,,,,,,,,,,,,,,,,,,,,,,,,,,,,,,,,,,,,,,,,
2022-03,2022-03-24T09:30:00+08:00,final,,,,,0,1.0,0.0196078431372549,,1.0,,1.0,,1.0,,1.0,,1.0,,1.0,,1.0,,1.0,,1.0,,1,,1,,1.0,,1,,1,,1,,1.0,,1,,1.0,,1,,1,,1,,1.0,,1,,1.0,,1,,1,,1.0,,1,,1.0,,,,1,,1,,1,,,,,,1,,1,,,,1,,1,,1,,1,,1,,1,,1,,,,1.0,,,,,,1.0,,1,,1.0,,1.0,,1,,1,,1,,1,,1,,1,82cf7f740c87e87859385d26e8bcca26b5876f5edae754104fa3ad3427b22d78,1.1,2022-03-24T01:30:00+00:00,2022-04-11T01:30:00+00:00,publication,pseudo_real_time,,1.0,,,,1.0,,,,1.0,,,,1.0,,,,1.0,,,,1.0,,,,1.0,,,,1.0,,,,,,,,,,,,,,,,,,,,,,,,,,,,,,,,,,,,,,,,,,,,,,,,,,,,,,
2022-04,2022-04-24T09:30:00+08:00,final,1.7405529437248837,1.385615291379311,1.0622828945523626,7.854162088754292,50,0.0,0.0,2.8889794291344537,0.0,1.3558752234275855,0.0,7.011491810999997,0.0,0.32625346343342926,0.0,2.609585244960282,0.0,0.279404771259955,0.0,1.0514698281683454,0.0,-3.737521179935314,0.0,-2.7638216666072317,0.0,-6.54132177373232,0,4.299446719289643,0,-1.9176277401214037,0.0,0.776569332066608,0,-1.4517831242475858,0,1.600772355804286,0,,,-1.6491676747922734,0,-8.772084483435476,0.0,1.2821947315975424,0,3.3360773512703856,0,1.8396164511185804,0,-9.969937859877485,0.0,-0.2384682003258856,0,0.9863697474871921,0.0,1.8815705701620118,0,-0.6468430762669483,0,-6.932170209692551,0.0,-7.025942268908017,0,-11.960465086967249,0.0,,,-3.226505408506285,0,-4.462050238986824,0,15.956948878536984,0,,,,,8.757564951902989,0,1.3997207995907475,0,,,4.306620651953216,0,1.3715097831678744,0,2.9596911163189783,0,3.1821675562882725,0,42.356817210740324,0,-0.4182228110958905,0,2.9542396716862003,0,,,3.083457240469478,0.0,,,,,2.9588415763651157,0.0,7.371088729033754,0,1.9939756541212366,0.0,3.4962370469850588,0.0,2.528787264046325,0,-3.542704193665089,0,1.040884168440382,0,-1.4629431032226015,0,7.900708798304368,0,5.141552007893949,0,92d5959f591483977a3c1d402604858d75ea2fd62a890156c93c2665bfe76b03,0.6,2022-04-24T01:30:00+00:00,2022-05-11T01:30:00+00:00,publication,pseudo_real_time,-3.0387054949170955,0.0,,,3.049701220916895,0.0,,,14.224891473545792,0.0,,,-0.2655989791591404,0.0,,,2.696142493707014,0.0,,,-0.01890126620743409,0.0,,,0.43864008861281806,0.0,,,5.396284538947714,0.0,,,,,,,,,,,,,,,,,,,,,,,,,,,,,,,,,,,,,,,,,,,,,,,,,,,,,,
2022-05,2022-05-24T09:30:00+08:00,final,-0.21352358829789606,-1.2382746837183105,-0.6043853161893532,4.547869151800857,49,0.039215686274509776,0.0196078431372549,-1.846369849940323,0.0,2.483283558791814,0.0,-0.013333144642495477,0.18181818181818182,0.07874032654253815,0.0,-3.373461201504483,0.0,-1.7745687006725124,0.0,5.998690847403494,0.0,-2.078757085895854,0.0,-0.8684839081553392,0.0,1.78708566209199,0,9.740978842361061,0,-5.365575073496395,0.0,2.9488804193585008,0,-3.1850054962655197,0,2.8555942378843806,0,,,-4.944105349306136,0,-3.027650263359103,0.0,3.3319250496152364,0,0.04724596879334985,0,-1.2666993824357111,0,-1.2382746837183105,0.0,-3.35512406459103,0,-1.248061393960358,0.0,0.5644956743036375,0,-1.8556062427384932,0,-2.4016006169133544,0.0,-2.473664364311988,0,-1.6330857991361734,0.0,,,-3.3260410724981564,0,2.056560555165125,0,1.8384812709320457,0,,,,,-2.579926258515689,0,1.5168152769111738,0,,,19.333256708457117,0,-6.661300140094009,0,-2.0472576265541744,0,0.3693463753227013,0,2.231055163175021,0,0.2610196770661327,0,5.345420008421126,0,,,-1.586460453414396,0.0,,,,,-3.6563283616490208,0.0,2.2151696828727125,0,3.4792945537781277,0.0,-1.763324093992481,0.0,-2.58704035705244,0,-7.408861289477017,0,-1.1165193618607645,0,-7.1347849567627355,0,-3.1952828608402575,0,-5.234308392655668,0,4f6bd1cb615e8fe1ad51e2c3ec709701bcc0e324cf30abb2eee0284da5223bfa,0.1,2022-05-24T01:30:00+00:00,2022-06-10T01:30:00+00:00,publication,pseudo_real_time,3.7604661155913037,0.0,,,-3.921940781540261,0.0,,,1.401625674072812,0.0,,,-0.5732465047873635,0.0,,,3.9944729806804977,0.0,,,-1.222778519281384,0.0,,,,1.0,,,6.46800803775743,0.0,,1.0,,,,,,,,,,,,,,,,,,,,,,,,,,,,,,,,,,,,,,,,,,,,,,,,,,,,
2022-06,2022-06-24T09:30:00+08:00,final,0.0752003519043937,-0.06927231945590918,0.1762479736429429,5.856902833692951,50,0.0,0.0,-4.672764193253624,0.0,1.2145587966188194,0.0,2.4477171842898033,0.0,-0.4227244883528995,0.0,-1.4262312535652517,0.0,3.2533379547459726,0.0,2.9539472273992633,0.0,-9.690523155311325,0.0,0.33540351978782007,0.0,0.5585563440983521,0,5.0113590002372,0,6.226461885105448,0.0,7.432466791066848,0,2.5031334250919124,0,-2.6832331498373283,0,,,5.998623232400265,0,6.122158476045585,0.0,14.072854518808068,0,-3.545182200848766,0,-3.56989844499922,0,8.212702638100417,0.0,-9.581577944650958,0,-10.981311860132422,0.0,2.559360449718738,0,-5.080776135749069,0,5.278163850053796,0.0,5.084390790890355,0,-8.508679661150593,0.0,,,-10.759862050694869,0,-1.7298505375160058,0,-4.690085096821286,0,,,,,-5.930547457048054,0,0.8042164681373605,0,,,6.294422986377317,0,-0.12343639744535273,0,-1.3156298494058045,0,1.5802186162749061,0,0.907691729973439,0,-0.14410089553379413,0,8.456775466295285,0,,,-4.492287443455359,0.0,,,,,-4.9404482905914895,0.0,2.9620842391480933,0,7.2378897769842885,0.0,-5.920764022760524,0.0,-5.327837986007189,0,0.13139006934112796,0,-1.6665731248614986,0,-0.792057077188528,0,-1.9306649628051755,0,6.826088480712694,0,bc23598fe1d1f12b740b9f472d071bd53224cba77c996b8caa0f6d8a32db7b8d,0.2,2022-06-24T01:30:00+00:00,2022-07-09T01:30:00+00:00,publication,pseudo_real_time,10.29561836205011,0.0,,,-5.180615061450686,0.0,,,-11.928887610189925,0.0,,,-3.300592677972305,0.0,,,-0.47071421217830584,0.0,,,0.5221860532068092,0.0,,,,,,,3.291926337862238,0.0,-0.015108241466465635,0.0,,,,,,,,,,,,,,,,,,,,,,,,,,,,,,,,,,,,,,,,,,,,,,,,,,,,
2022-07,2022-07-24T09:30:00+08:00,final,-5.283361979420684,-4.341016660433445,-5.5674953679252654,7.312527108733569,50,0.0,0.0,-10.870373369297736,0.0,0.6514834362886157,0.0,-6.941017804299681,0.0,-2.1815207838508517,0.0,-8.898998844541667,0.0,-5.4995721860438564,0.0,-3.6217044218561583,0.0,-7.893758409215994,0.0,-3.260599446219539,0.0,-1.3352935699732886,0,3.550259809934205,0,-3.2642464925614583,0.0,-4.0761594538355235,0,-3.0317655644353887,0,-3.018672523007252,0,,,-3.6151067255618363,0,-4.003089024117247,0.0,-7.454654610093487,0,-6.450578233748687,0,-11.046601878002134,0,-4.119549352784579,0.0,-9.487102509492924,0,-8.919073163527132,0.0,-3.572470286606165,0,-16.343931382492354,0,-1.8483526459835764,0.0,-1.8418067277018384,0,-5.275099554627921,0.0,,,-7.409681311582085,0,-5.657383233638137,0,-3.3664108359374056,0,,,,,-7.0382367601584175,0,-0.2921485807018372,0,,,32.94808892458161,0,-7.806053727729865,0,-16.624513587849556,0,0.7660975281945664,0,-8.494373884655623,0,-0.05252618395505875,0,-3.3932305519445793,0,,,-10.555535256592725,0.0,,,,,-18.993868795545517,0.0,-0.09769886344932069,0,-4.270228764587852,0.0,-11.690281672584607,0.0,-11.939130976945494,0,-3.8550844468313374,0,-0.34656019124909976,0,-9.492577920659459,0,-9.132343678408555,0,-3.760212007694732,0,1b679457f110133167b88b835a4da2de41fd50b2d760a3f60b6eed27448d5605,-1.3,2022-07-24T01:30:00+00:00,2022-08-10T01:30:00+00:00,publication,pseudo_real_time,-9.322769805943203,0.0,,,-13.540112197912768,0.0,,,-9.002122337029972,0.0,,,-1.8515539599000388,0.0,,,-1.6612428272171278,0.0,,,-4.411804556279038,0.0,,,,,,,-13.08007950552939,0.0,-5.591225112678999,0.0,,,,,,,,,,,,,,,,,,,,,,,,,,,,,,,,,,,,,,,,,,,,,,,,,,,,
2022-08,2022-08-24T09:30:00+08:00,final,-4.566565917808817,-2.877568111913793,-3.3632821063131138,8.50706410084467,50,0.0,0.0,-2.3271663330964634,0.0,-1.290356743297984,0.0,-10.568619829362344,0.0,-2.0859021484080285,0.0,1.8612221732432017,0.0,-10.56140102777103,0.0,-7.641374302137314,0.0,-1.2654897116267698,0.0,0.18449522268100313,0.0,-3.033412045233745,0,-6.257610789593391,0,-6.734276993120475,0.0,-0.6451804213436685,0,-3.302908205859171,0,-0.29989970198369154,0,,,-6.857509754488128,0,-4.85386106951292,0.0,-14.533780220673458,0,-5.5282108796151,0,-4.306164195176622,0,-4.50000077560685,0.0,-1.6855343826162212,0,0.15674785988531512,0.0,-1.3904697245767685,0,-10.202588599261686,0,-2.218984376175094,0.0,-1.986751453199488,0,-2.267682612149404,0.0,,,10.41744498429126,0,-3.714268094253891,0,-8.327584686775577,0,,,,,-21.521806452491266,0,-2.3585343845113065,0,,,0.036216806634032456,0,-0.7430441829202107,0,2.1577194348812307,0,0.0,0,-49.67353354381673,0,-0.03858893031643377,0,-11.530270750116228,0,,,0.5712427483386986,0.0,,,,,-2.730764799304232,0.0,0.6928820700204609,0,-12.607837194993301,0.0,0.9081295109826286,0.0,-3.024371424523354,0,2.4928392143784213,0,1.1779945243396759,0,-0.13860768751160135,0,4.247782421263501,0,-7.43703349758979,0,5430b3ca9975a6919ffb164867f8c3a91db9bc9de550fc093ed668523750773f,-1.2,2022-08-24T01:30:00+00:00,2022-09-09T01:30:00+00:00,publication,pseudo_real_time,-3.6241277729301133,0.0,,,-2.583623758585033,0.0,,,-14.928571928504123,0.0,,,-3.806656514314758,0.0,,,0.8518582749498436,0.0,,,-3.7808191990930515,0.0,,,,,,,-13.633100071584806,0.0,-5.231182666084227,0.0,,,,,,,,,,,,,,,,,,,,,,,,,,,,,,,,,,,,,,,,,,,,,,,,,,,,
2022-09,2022-09-24T09:30:00+08:00,final,1.359933253552429,0.8560042491087887,1.5398703713737747,8.088068149789732,50,0.0,0.0,-1.4288389920325224,0.0,2.7824597746292965,0.0,-3.4530231960915065,0.0,0.029535798593829227,0.0,1.6252059654286044,0.0,11.262662867262256,0.0,-2.7448833399486436,0.0,2.415825182298399,0.0,0.7332255897193857,0.0,-5.033454142940925,0,-4.414592425650415,0,12.01936861306306,0.0,0.2228470658467002,0,-1.0044405934978045,0,-0.04849334706041922,0,,,12.538366818524722,0,14.457286514749265,0.0,20.454372883385364,0,-2.1489311679984557,0,-0.890374961311947,0,8.721365737613409,0.0,3.563594097651779,0,3.6322788219711306,0.0,6.477230490813869,0,-1.5240501917920448,0,3.060535701063344,0.0,3.103556239955468,0,0.05160262727228718,0.0,,,-2.0691518892346075,0,3.069371034956346,0,-2.190110951120024,0,,,,,5.357331377301216,0,-0.22523202798232522,0,,,9.216008705352234,0,6.783964073725861,0,3.108670498495511,0,-9.242188039238107,0,-39.91207715423663,0,-0.09119095133812191,0,-6.149969423729351,0,,,-3.3139412355412428,0.0,,,,,-0.9641513294139396,0.0,3.025054765264871,0,5.0884213215363685,0.0,-2.0745036490461817,0.0,0.013769568940465318,0,11.684734178743478,0,-1.0189403556779277,0,1.6496401957933453,0,2.761453523103489,0,-2.1729955089444952,0,69fa2d636844871090d47bf762e4b09e8241e1a53a97448c3063aa4a26f2fbfc,-0.1,2022-09-24T01:30:00+00:00,2022-10-14T01:30:00+00:00,publication,pseudo_real_time,2.269184387187038,0.0,,,-0.15905250723777048,0.0,,,5.290548126198756,0.0,,,-0.8494816242550831,0.0,,,1.9425296135343753,0.0,,,0.49861194947216825,0.0,,,,,,,1.213396548745409,0.0,2.218890674607936,0.0,,,,,,,,,,,,,,,,,,,,,,,,,,,,,,,,,,,,,,,,,,,,,,,,,,,,
2022-10,2022-10-24T09:30:00+08:00,final,2.722664217750903,0.531566494470944,1.9331281834829253,6.342877254712936,50,0.0,0.0,-0.7364423481395129,0.0,4.709626146161341,0.0,3.0166109664987024,0.0,1.2400260943589705,0.0,0.19415542316717127,0.0,10.784873076007353,0.0,0.3389116021761609,0.0,1.201900581889329,0.0,-1.984083652981508,0.0,-2.309084469614489,0,-0.5972292680246449,0,16.091997612673417,0.0,-1.7832862652144388,0,1.4828528971552462,0,1.3153646229314375,0,,,16.344673322574746,0,13.503932600777382,0.0,5.086333622063263,0,-0.9571552916841752,0,-1.5515710064831127,0,13.956332219913085,0.0,3.7892381526838887,0,-0.6592901222283335,0.0,-0.829296767247861,0,-0.4631008735759956,0,-4.6009120734974225,0.0,-4.510163395264353,0,0.47575371521243176,0.0,,,8.627001984607574,0,-4.227876272293015,0,22.33649850325776,0,,,,,8.731649908558442,0,0.6452347180782914,0,,,13.453637972907034,0,8.43130484968575,0,0.5873792737294561,0,-6.3632553941939705,0,0.8306075982982843,0,0.22568534956552022,0,2.5124935847141523,0,,,-0.4448888502252634,0.0,,,,,-3.0142826946448698,0.0,11.172679020337162,0,-3.723143575719475,0.0,-0.05026247638410421,0.0,-0.779925696902602,0,13.110794624261715,0,1.027833176673668,0,-0.9253077428600394,0,0.08671698512560048,0,-0.3767427630360195,0,cfc05be6978b70d540df1d56ecf4af9df0d49310563064c2307cb00a2c2e0dc6,0.2,2022-10-24T01:30:00+00:00,2022-11-09T01:30:00+00:00,publication,pseudo_real_time,-1.9902305374896085,0.0,,,-0.6348507671578202,0.0,,,1.7791922454911295,0.0,,,-0.5438562982937485,0.0,,,2.781081684215414,0.0,,,1.0463841484423477,0.0,,,,,,,3.9230485441676164,0.0,4.113220551478704,0.0,,,,,,,,,,,,,,,,,,,,,,,,,,,,,,,,,,,,,,,,,,,,,,,,,,,,
2022-11,2022-11-24T09:30:00+08:00,final,-2.2751984066143542,-2.392201455285499,-2.091745080235227,5.428550173729599,50,0.0,0.0,-3.704615664065305,0.0,0.26426966667977736,0.0,-5.017145057997505,0.0,-1.9693025946420317,0.0,0.86571454344774,0.0,-1.451962034820642,0.0,-4.351248116658409,0.0,1.2518816380056796,0.0,-3.5946749683252075,0.0,-8.386045724822841,0,-5.397837197406094,0,0.5995465758971938,0.0,0.42657032874002215,0,-2.880647025153066,0,3.0678067851980457,0,,,0.4864572677010212,0,0.39015911953467125,0.0,-2.181626654988533,0,-2.475104606521695,0,-5.02809729420722,0,0.4446864685787304,0.0,3.4489484679571087,0,2.4605159191298127,0.0,2.549417382565772,0,-4.787645084217795,0,-2.4372778179764407,0.0,-2.3471250925945575,0,-2.1538194730698823,0.0,,,-17.150666343259708,0,-2.6001955362903595,0,-13.314328370247667,0,,,,,-3.7102804597230254,0,1.8109735870884043,0,,,-4.566934455803639,0,-4.494394995895746,0,4.218762697262955,0,0.41779759760405,0,18.664250135309242,0,0.5358025654087206,0,-10.232442938543707,0,,,-2.7886088778560096,0.0,,,,,-5.259520229554502,0.0,2.8577484423524235,0,-8.342262818151958,0.0,-4.90347599281408,0.0,-2.99309136861849,0,2.7698351646720374,0,1.4923196043908882,0,0.7778904774819506,0,-3.0261146053448327,0,-9.998716715066614,0,f998e0b1d396e4bab5e124e1ae1f7c57772efe40b57a4fcfce7ce710392b8be5,0.1,2022-11-24T01:30:00+00:00,2022-12-09T01:30:00+00:00,publication,pseudo_real_time,-11.651479282270722,0.0,,,-4.039315844374333,0.0,,,-6.192676560744551,0.0,,,-1.8184698399895183,0.0,,,-1.2087909187835109,0.0,,,-3.2022222383379275,0.0,,,,,,,0.7301385722537077,0.0,-2.3403331272154455,0.0,,,,,,,,,,,,,,,,,,,,,,,,,,,,,,,,,,,,,,,,,,,,,,,,,,,,
2022-12,2022-12-24T09:30:00+08:00,final,-1.9717787318703728,-0.3309498212853802,-1.4856265456929474,5.955254504118958,50,0.0,0.0,2.2074214220917225,0.0,-3.920186467676362,0.0,-3.2818289183330775,0.0,0.19460655183970443,0.0,0.9860134177820127,0.0,-5.546255676397671,0.0,-0.7386135028848191,0.0,-0.3979308866781996,0.0,-1.658022437416954,0.0,-5.369266594338425,0,-4.131275423242636,0,-12.87819329338999,0.0,-2.170616310555119,0,4.469568898521915,0,0.29857562487783207,0,,,-11.965687744750966,0,-12.507623128902038,0.0,3.6602735269447115,0,-1.3995425659540142,0,2.541349322300454,0,-12.62112233219195,0.0,-0.2692858329207304,0,2.6424411932854084,0.0,-8.078947261435115,0,-2.5852298969737912,0,-5.875428524158517,0.0,-5.826455121451017,0,-3.566948020399277,0.0,,,10.225310092192954,0,-0.39261380965003007,0,0.23886977735628306,0,,,,,3.3255285437553703,0,2.8141969665414663,0,,,-20.387195208657204,0,-6.966569769382865,0,-0.0058619181142066335,0,0.0,0,-9.394100881445283,0,0.23544631389085074,0,-8.232855017197224,0,,,1.6897554187695993,0.0,,,,,2.234166051264016,0.0,1.207370223545685,0,-2.715779937153272,0.0,2.1778533909778557,0.0,3.181781217757683,0,-10.774039454080615,0,0.998432518871379,0,2.0850628147486647,0,0.8664202556222139,0,-7.184482358464556,0,78c205d83abb0bd28728a114fcccd4711a5b3d4421e17dd6a82de4ac41a512fb,-0.5,2022-12-24T01:30:00+00:00,2023-01-12T01:30:00+00:00,publication,pseudo_real_time,-0.9905054391427375,0.0,,,5.053331748698756,0.0,,,4.163034693751172,0.0,,,-2.041435031461667,0.0,,,-1.844314211541135,0.0,,,-0.5716560283718608,0.0,,,,,,,7.284701508926604,0.0,0.7646244192067237,0.0,,,,,,,,,,,,,,,,,,,,,,,,,,,,,,,,,,,,,,,,,,,,,,,,,,,,
2023-01,2023-01-24T09:30:00+08:00,final,-1.750418594937979,-0.5804973674230688,-0.9869892791657501,5.829728178305332,48,0.11111111111111116,0.07407407407407407,3.0351523802949134,0.6,-4.37688300624538,0.0,-1.3582691627456778,0.0,0.43374212519439465,0.0,-1.2598037025049043,0.0,-2.636163027668418,0.0,-1.4574091268377796,0.0,-2.4635412213862313,0.0,-2.2681609546659076,0.0,-3.8386797943757127,0,0.2504752398061923,0,-8.744328191593162,0.0,-3.9584415607881644,0,1.192543186835112,0,-0.7755407288853042,0,,,-8.549082637633637,0,-7.974236735208164,0.0,6.17580957657394,0,2.308781792973284,0,4.031409890462506,0,-5.3566874655754155,0.0,-4.724466026949833,0,-5.748772897625624,0.0,-7.674579853141806,0,2.3524359466872378,0,2.098621209162519,0.0,1.9235527241953783,0,3.0826152604167647,0.0,,,-0.18700452443308127,0,-0.9832023057833638,0,-0.3854540059608334,0,,,,,3.961787776999153,0,-1.6019027984200442,0,,,-24.344663135072626,0,-3.120239974613033,0,1.8368434086798293,0,-8.786352977995092,0,-21.037616039085847,0,0.056768735255918246,0,3.7214172906478855,0,,,,1.0,,,,,2.5116588627274345,0.0,-1.9790095841805937,0,3.725656366602919,0.0,,1.0,2.1223263074226018,0,-4.764710924559461,0,-0.06473583691478355,0,-3.33900344383751,0,-3.4723189379471533,0,-0.8147257429633197,0,600faf9bc1d327b53e0592b24e1f37c056fb75622084b4c06279cc21789b3c56,-0.4,2023-01-24T01:30:00+00:00,2023-02-10T01:30:00+00:00,publication,pseudo_real_time,4.203431709318129,0.0,,,3.6780915303212613,0.0,,,2.033596482758362,0.0,,,-0.20529534843174244,0.0,,,0.3139785371798144,0.0,,,-1.1547903976337748,0.0,,,,,,,-0.784022825943818,0.0,-1.2320296964963386,0.0,,1.0,,1.0,,1.0,,1.0,,,,,,,,,,,,,,,,,,,,,,,,,,,,,,,,,,,,,,,,,,,,
2023-03,2023-03-24T09:30:00+08:00,final,,,,,0,1.0,0.0,,1.0,,1.0,,1.0,,1.0,,1.0,,1.0,,1.0,,1.0,,1.0,,1,,1,,1.0,,1,,1,,1,,,,1,,1.0,,1,,1,,1,,1.0,,1,,1.0,,1,,1,,1.0,,1,,1.0,,,,1,,1,,1,,,,,,1,,1,,,,1,,1,,1,,1,,1,,1,,1,,,,,,,,,,1.0,,1,,1.0,,,,1,,1,,1,,1,,1,,1,62e7bcd83d35d5a9acbb88647ca18120b9dcab809e6e54715be97d639126eee2,0.0,2023-03-24T01:30:00+00:00,2023-04-11T01:30:00+00:00,publication,pseudo_real_time,,1.0,,,,1.0,,,,1.0,,,,1.0,,,,1.0,,,,1.0,,,,,,,,1.0,,1.0,,1.0,,,,1.0,,,,,,,,,,,,,,,,,,,,,,,,,,,,,,,,,,,,,,,,,,,,,,
2023-04,2023-04-24T09:30:00+08:00,final,-2.897374789835504,-2.8470199398284173,-2.5921232126859453,4.85696995679314,50,0.0,0.0,-2.6602465017773236,0.0,-3.1773561602749236,0.0,-0.09841250650861513,0.0,-6.679221038892417,0.0,-0.15153437298239614,0.0,-7.828907264264253,0.0,-6.212127636617672,0.0,2.932190894112567,0.0,-2.8697207413089614,0.0,-13.529430118358581,0,-0.1030420566893912,0,-7.549169805852326,0.0,-3.8023240786575365,0,-3.061989834760675,0,-6.923185872269734,0,,,-7.559137310758815,0,-6.952005022431193,0.0,-12.075549052553578,0,-0.21852328971922766,0,-0.5392289445868398,0,-6.604383583179375,0.0,-0.4475105273665153,0,3.275095850218321,0.0,-0.6163105944803786,0,0.13909992986755434,0,1.3551285641431778,0.0,1.668735010194799,0,5.9689873594858955,0.0,,,-16.73678951171433,0,-7.147523325366321,0,5.201173852708436,0,,,,,-11.0420894467169,0,-2.0348693237084974,0,,,-6.640749919857755,0,-4.794502617098486,0,0.8578604263833776,0,4.258435409369288,0,-1.1915722779622595,0,-0.05257623917587432,0,3.2108201784763244,0,,,,,,,,,-2.873678143367564,0.0,-2.8936987768642903,0,2.1919616707829817,0.0,,,-3.8809503975608366,0,-3.2105450015332555,0,0.20426558399957054,0,1.1520982339767376,0,-2.8203617362892706,0,-5.187091731259378,0,ed8351cae8afecfec85970187d392ef244f8b0cdac3b9c34a9cec908597d49cd,-0.5,2023-04-24T01:30:00+00:00,2023-05-11T01:30:00+00:00,publication,pseudo_real_time,4.1119728625670255,0.0,,,-2.3336419576075174,0.0,,,-3.02001662835759,0.0,,,-6.360055092573627,0.0,,,-10.615618189342948,0.0,,,-1.3465341262886674,0.0,,,,,,,-5.003910734805042,0.0,-0.3066747336445641,0.0,-4.55835309300792,0.0,,,-4.4307813281816015,0.0,,,,,,,,,,,,,,,,,,,,,,,,,,,,,,,,,,,,,,,,,,,,,,
2023-05,2023-05-24T09:30:00+08:00,final,-4.1105907130485875,-3.6610273394979,-3.714339653837983,7.207556942267529,50,0.0,0.0,-7.100572313562227,0.0,-0.10393418648886255,0.0,-5.873010622107747,0.0,-1.1312684894618343,0.0,-2.4575991053019117,0.0,-9.259675186076436,0.0,-10.033651289790718,0.0,4.624715216586909,0.0,-1.5159642743880013,0.0,-16.74688428609071,0,-4.506205203955243,0,-6.027687729720981,0.0,-3.5494054262879002,0,3.424080236615247,0,-5.780346798742768,0,,,-6.004384888129484,0,-3.0074874793385318,0.0,-8.336265137814243,0,-3.064742332261316,0,-6.467136417473508,0,-2.7975573694964213,0.0,-4.866546515924241,0,-1.3385846714430227,0.0,-0.881394175684737,0,5.786961223057753,0,0.19000707833517305,0.0,0.359786559983793,0,20.079276837127992,0.0,,,-5.167678264104526,0,-6.49930570090165,0,-0.4615784481374575,0,,,,,-21.569672507834348,0,-1.5519187424154142,0,,,-0.32419374642695786,0,-3.31820177318103,0,-4.145936362034109,0,2.90279885604394,0,-29.654943096395076,0,0.15321182327501345,0,-6.236540892939184,0,,,,,,,,,-3.7726492527079,0.0,-0.6321668889381775,0,-6.087014221224532,0.0,,,-8.113914743755304,0,5.06638506456755,0,-0.18059705865732,0,-0.7376757851106943,0,-4.766187215405523,0,0.14571560251537963,0,0f0d346fbf3a022f5a213090e87c676a88a1a9bce6ecfc83e18e4164cec457de,-0.9,2023-05-24T01:30:00+00:00,2023-06-09T01:30:00+00:00,publication,pseudo_real_time,-4.346130636367657,0.0,,,-8.89888923140015,0.0,,,-17.074671190201034,0.0,,,2.3513949308005886,0.0,,,-9.16928063580134,0.0,,,-3.3536904355866324,0.0,,,,,,,-8.847864379326202,0.0,-1.6450730670533864,0.0,-8.027832200343228,0.0,,,-8.03091895613986,0.0,,,,,,,,,,,,,,,,,,,,,,,,,,,,,,,,,,,,,,,,,,,,,,
2023-06,2023-06-24T09:30:00+08:00,final,-5.164481828737189,-3.6170294285072178,-4.565357229108039,5.985346687472789,50,0.0,0.0,-2.000668724907695,0.0,-0.3448747937220338,0.0,-6.017678891890361,0.0,-1.5167119524351975,0.0,-1.2231667710397456,0.0,-14.096343978335213,0.0,-8.979119582014919,0.0,-6.839385085624205,0.0,-4.618594504334158,0.0,-12.77485467268607,0,-5.530308314963076,0,-17.31564438515348,0.0,0.4143991382419586,0,0.4160874663511541,0,0.9617407658894153,0,,,-17.367881055865947,0,-18.035780573563034,0.0,-11.861672374625707,0,-3.58797543047348,0,-3.5459992486615874,0,-18.81089021250709,0.0,-8.053139052659299,0,-5.260920126647874,0.0,-3.646083426540956,0,6.735664835389993,0,-1.5473765658520269,0.0,-1.3533216561362358,0,-7.204096077565442,0.0,,,-7.6401066552996975,0,-16.52871206276113,0,-1.6627062232156085,0,,,,,-4.185492656852857,0,-0.2655973561358817,0,,,-0.5117232257559043,0,-13.801704543313697,0,0.9187714535233096,0,3.004033340585097,0,-12.015667236559441,0,0.8288956219249722,0,-8.099472947734174,0,,,,,,,,,-3.839554320619212,0.0,-1.0304687071023853,0,-5.24507883546398,0.0,,,-1.584800000050025,0,-9.891909422228439,0,-0.26383510948784883,0,0.23248169396288884,0,-5.780085122157332,0,-7.456953950983728,0,8915f7293146fd57c16df49a8d3c64ce72ddc0eb2130a6a2c749ee704f663c0b,-0.8,2023-06-24T01:30:00+00:00,2023-07-10T01:30:00+00:00,publication,pseudo_real_time,-0.8328123228207236,0.0,,,-1.5025037886491035,0.0,,,-11.09704658977837,0.0,,,-3.0523352276694014,0.0,,,-1.9138880959873459,0.0,,,-4.7260015765582715,0.0,,,,,,,-8.63219575839561,0.0,-2.496836961634779,0.0,-0.6805703042376363,0.0,,,-1.102163577374337,0.0,,,,,,,,,,,,,,,,,,,,,,,,,,,,,,,,,,,,,,,,,,,,,,
2023-07,2023-07-24T09:30:00+08:00,final,0.88669220172673,0.9060164383540609,1.047462026743234,4.299136012820743,50,0.0,0.0,0.4729175876038078,0.0,2.2329742121581257,0.0,0.2785191667800271,0.0,-0.09090539880779606,0.0,1.3410736426201528,0.0,3.114125303810138,0.0,4.624097214651779,0.0,-6.548767149780358,0.0,-0.04472108328234553,0.0,15.88651086932988,0,-7.343442411958845,0,4.081414704626583,0.0,3.8109314208204736,0,2.2260849587188423,0,0.9162229519445246,0,,,4.082532513329806,0,4.719098394864871,0.0,-2.9263153924126817,0,-0.14389508297442158,0,-0.3119640697726728,0,4.672998432022948,0.0,-7.451553828408455,0,-5.277487306729914,0.0,-1.440477052538242,0,2.6298146591394866,0,0.47481747368640465,0.0,0.39899013386316085,0,-6.917260314202703,0.0,,,4.390816763544622,0,-4.682008968696887,0,-11.070281110844657,0,,,,,6.273338549475847,0,4.251287544811425,0,,,-2.6253493821915685,0,5.166368111065272,0,2.5421334054061293,0,0.5895351504468681,0,-0.3900676281871068,0,1.1898638918587516,0,1.1263409575967716,0,,,,,,,,,1.476124902177304,0.0,-0.14969066141451134,0,-1.037677760069751,0.0,,,1.6654746377731229,0,7.840713272296424,0,1.5446507040442363,0,-0.35981027445339364,0,1.6373207354836388,0,2.7870653704544948,0,ed03d681277e589b19c303cff64a2e95a8b756b26927ca48a56d32a27042b846,-0.2,2023-07-24T01:30:00+00:00,2023-08-09T01:30:00+00:00,publication,pseudo_real_time,0.6106510480639927,0.0,,,0.8452552034486961,0.0,,,0.8958099247635971,0.0,,,-2.627302151397166,0.0,,,0.1285009962549357,0.0,,,1.4827987076851197,0.0,,,,,,,5.329223186584302,0.0,2.6338690698588314,0.0,0.5675263404448753,0.0,,,0.21510849670324708,0.0,,,,,,,,,,,,,,,,,,,,,,,,,,,,,,,,,,,,,,,,,,,,,,
2023-08,2023-08-24T09:30:00+08:00,final,4.598340682873639,2.00292913091735,3.3789661881479596,7.620506805680839,50,0.0,0.0,0.5767421050677489,0.0,4.88522659246355,0.0,8.210664268832463,0.0,-0.34331336429763987,0.0,1.0586779507839745,0.0,4.490277613719224,0.0,11.868071390455826,0.0,0.5300223961268801,0.0,5.572854953202801,0.0,29.91557963171841,0,-2.924291127598572,0,-1.2271081113359428,0.0,1.784184904228784,0,-1.2081211321174652,0,2.502927743344502,0,,,-1.20740647122917,0,-1.6454590855285907,0.0,13.687072322652774,0,0.004311467940162904,0,0.4086426127324753,0,-2.055535272573495,0.0,-4.017032841469527,0,0.05326924239455104,0.0,9.609037870833356,0,3.1234498864614237,0,4.1772176258774145,0.0,4.294878438106273,0,5.553830787455617,0.0,,,-7.972848276901788,0,22.800227555742676,0,2.2216733576059156,0,,,,,12.367870476345358,0,1.5350834325374936,0,,,19.391076456266855,0,7.442063572287845,0,0.2506740984170267,0,0.5286165055588724,0,23.1268642409281,0,0.839101189379415,0,18.139805337179528,0,,,,,,,,,5.738578382501761,0.0,0.0,0,12.61427024769419,0.0,,,0.8632705695932046,0,9.905989127489915,0,2.7266421965125915,0,0.3685623946969557,0,0.8888331135093238,0,5.513264710689851,0,9e058d6dc3a8e17cbc5abc3e6550a6132b5be4a807336755b2fb1c4f0f6cd406,0.2,2023-08-24T01:30:00+00:00,2023-09-09T01:30:00+00:00,publication,pseudo_real_time,2.820142970786606,0.0,,,2.8205506275518633,0.0,,,11.512509437703631,0.0,,,-1.0165887585570523,0.0,,,1.1947697977815979,0.0,,,2.9231722909507054,0.0,,,,,,,8.612925667247643,0.0,1.566807577700122,0.0,-0.2648042515696248,0.0,,,-0.3715183958415876,0.0,,,,,,,,,,,,,,,,,,,,,,,,,,,,,,,,,,,,,,,,,,,,,,
2023-09,2023-09-24T09:30:00+08:00,final,4.261909482781195,3.3829864683621973,3.2783290752792693,8.850597190311847,50,0.0,0.0,-0.5189857125076793,0.0,2.1837629379396346,0.0,12.563223898380175,0.0,4.2717160133581835,0.0,3.5343446097585236,0.0,3.668783865563723,0.0,-2.9499686007680403,0.0,-1.1098623639870309,0.0,5.442087547166249,0.0,-15.155918965715728,0,4.29139177364539,0,5.015260915697417,0.0,0.0064706819605844105,0,6.946169355552437,0,6.034676004216583,0,,,5.003085467874362,0,5.459268321700731,0.0,3.6155913986053854,0,-1.155791302989787,0,-1.5371249738882495,0,5.226065962665703,0.0,-2.697770472956795,0,-4.215009237891298,0.0,2.3201999415538657,0,1.1854177882705277,0,2.053978237595456,0.0,1.9393505581447483,0,3.5831926188870002,0.0,,,8.809891893786709,0,13.820322904722508,0,10.621602239079717,0,,,,,3.122511032252677,0,0.792821474731852,0,,,-0.00933554427619332,0,5.107944200916425,0,0.8297606645312394,0,3.708781747194212,0,55.802156388394444,0,2.1185413154533874,0,9.882261112619636,0,,,,,,,,,4.3801965752292915,0.0,1.9193621131096863,0,9.41075001646752,0.0,,,-0.6365430755652547,0,5.422149670050649,0,4.052611722648446,0,4.390909841152844,0,4.864096210701564,0,17.202088173374943,0,ac09d74ab24b15b52a5533c9ca97552a4aa78b07a07e0e9c91b07539a1430e21,0.4,2023-09-24T01:30:00+00:00,2023-10-13T01:30:00+00:00,publication,pseudo_real_time,3.6279350591437067,0.0,,,-0.7465289400854657,0.0,,,-1.7602960398502139,0.0,,,3.1827803178373943,0.0,,,2.68619836668472,0.0,,,6.717812413202223,0.0,,,,,,,2.0146213897662166,0.0,2.8794928053738307,0.0,0.39658533214686564,0.0,,,0.5654886853358149,0.0,,,,,,,,,,,,,,,,,,,,,,,,,,,,,,,,,,,,,,,,,,,,,,
2023-10,2023-10-24T09:30:00+08:00,final,1.3712819125673372,-0.3138153843894748,0.5977598430405942,6.408894078599958,50,0.0,0.0,-1.5448155396267103,0.0,-3.6220341043030295,0.0,-0.6191737297229463,0.0,6.714786579720936,0.0,-0.5501346932368345,0.0,12.627359034289952,0.0,-2.106242289571729,0.0,0.7445642370813587,0.0,1.7917831581677992,0.0,-3.938762461301757,0,1.3365125072723214,0,15.471975375727725,0.0,-5.993008106907006,0,3.5000637385368196,0,0.9121891473033901,0,,,15.430390948052185,0,16.890954826341297,0.0,6.001702332626712,0,-0.5319720900119814,0,-3.392896166764377,0,14.098378632414125,0.0,2.447380605921442,0,-1.5843574802828653,0.0,-0.23941447795851342,0,-0.7236215894082926,0,-0.4280470551813756,0.0,-0.35914075524910644,0,1.3706695856054996,0.0,,,9.475161449581968,0,0.5515908663645931,0,15.673182120154886,0,,,,,12.070980045195205,0,-4.992930494176024,0,,,-6.471581992338524,0,-0.9072233310179997,0,-3.3476596525365125,0,1.7505489214492285,0,3.0832280094972573,0,1.0339587676772521,0,-4.703099443752796,0,,,,,,,,,-5.6892844916532725,0.0,-4.03823473601888,0,-6.054261574492178,0.0,,,-2.0922807084987776,0,-8.703043830556158,0,0.024849194296243004,0,0.4258303853847689,0,0.6964412999081622,0,-2.3107685735346055,0,44352e6fd72bc0b1c3ba519caa7edd5b18f55a95c1e906f731c5fb68363f8972,0.2,2023-10-24T01:30:00+00:00,2023-11-09T01:30:00+00:00,publication,pseudo_real_time,-0.8622943300280236,0.0,,,-2.624113503706176,0.0,,,8.427131079672415,0.0,,,5.949382016288211,0.0,,,10.694913984337779,0.0,,,-2.274554242525545,0.0,,,,,,,-3.716476914685752,0.0,-2.146661439877187,0.0,-0.3119551728239089,0.0,,,-0.31567559595504074,0.0,,,,,,,,,,,,,,,,,,,,,,,,,,,,,,,,,,,,,,,,,,,,,,
2023-11,2023-11-24T09:30:00+08:00,final,-2.1062201626148958,-1.746013599724651,-2.25041531606072,4.221893195655426,34,0.48484848484848486,0.24242424242424243,2.710105602676737,0.9090909090909091,,1.0,-2.8041678622083444,0.18181818181818182,-1.2723078099859337,0.0,-0.43837286773553963,0.0,-5.169326764440486,0.0,0.7046332046412753,0.0,-3.8465923249563945,0.8,-0.9326142347820259,0.0,-3.8779223109109155,0,2.6225024088195523,0,-5.492143200481924,0.0,,1,-0.08326391622071239,0,,1,,,-5.4390636963656585,0,-7.026360702292439,0.0,-10.700550453904143,0,,1,,1,-4.985691499416121,0.0,,1,,1.0,-4.691440445137864,0,,1,-5.4471765446613505,0.0,-5.333258195097924,0,-3.8465923249563945,0.0,,,13.13058243170666,0,-3.2858800112746285,0,,1,,,,,-0.10027146226516873,0,,1,,,,1,-0.9802092228468905,0,0.8836483449513349,0,0.03148735577295124,0,-10.082953073408289,0,,1,-0.8216264812931756,0,,,,,,,,,-0.851765476127226,0.0,,1,-0.9729503552358407,0.0,,,2.710105602676737,0,,1,0.32207245810854845,0,-1.9627804646062046,0,-0.9964318093958372,0,-3.9953156920765016,0,1fee0c740d451585538536de76a9cc3cb20d891207479772f78c851c7ac9c640,-0.3,2023-11-24T01:30:00+00:00,2023-12-09T01:30:00+00:00,publication,pseudo_real_time,-5.459729167307291,0.0,,,,1.0,,,-2.4412063363579533,0.0,,,-2.2044127788939916,0.0,,,-1.5292467348430976,0.0,,,-1.1260328578813688,0.0,,,,,,,3.369319516015189,0.0,-0.9469284336985127,0.0,,1.0,,,,1.0,,,,1.0,,1.0,,1.0,,1.0,,1.0,,1.0,,1.0,,1.0,,1.0,,,,,,,,,,,,,,,,,,,,,,,,,,
2023-12,2023-12-24T09:30:00+08:00,final,-0.9656750288078918,-1.3663219271201879,-1.2670463043680018,4.748726050718119,34,0.48484848484848486,0.24242424242424243,2.3911974626718675,0.9090909090909091,,1.0,-2.5727682846564353,0.18181818181818182,-3.1452155012553527,0.0,-1.740451697828275,0.0,1.0832547318228387,0.0,-2.2337089830220296,0.0,-2.668868911994631,0.8,1.0192386921912893,0.0,-8.224645848435696,0,3.4185852979831877,0,-1.5253655852014287,0.0,,1,-4.46561180321783,0,,1,,,-1.5415047317248423,0,-1.38849983910405,0.0,-9.445394645672282,0,,1,,1,0.11544119449582546,0.0,,1,,1.0,-1.3350490054667878,0,,1,-1.0819428922806098,0.0,-1.1029409220919897,0,-2.668868911994631,0.0,,,9.704854089175933,0,1.1376626514321868,0,,1,,,,,12.138431566056244,0,,1,,,,1,0.5563648061029639,0,1.5272218666610051,0,-1.2071517676209973,0,1.5895157477579942,0,,1,-10.758574782198881,0,,,,,,,,,-2.8013510090392906,0.0,,1,-4.7680011932225295,0.0,,,2.3911974626718675,0,,1,-4.462572855814846,0,-1.5661622502566082,0,-2.46029355190265,0,-4.463008800744812,0,06f5beef4be8d19d06883453172e66815d4c1a91cdd40daacd826fbed60b7fc1,-0.3,2023-12-24T01:30:00+00:00,2024-01-12T01:30:00+00:00,publication,pseudo_real_time,0.33716958236070366,0.0,,,,1.0,,,9.229675163910404,0.0,,,0.1894216128721987,0.0,,,-5.159456313420428,0.0,,,-1.5028848977877425,0.0,,,,,,,-1.8950663986135812,0.0,-1.3441440151363255,0.0,,1.0,,,,1.0,,,,1.0,,1.0,,1.0,,1.0,,1.0,,1.0,,1.0,,1.0,,1.0,,,,,,,,,,,,,,,,,,,,,,,,,,
2024-01,2024-01-24T09:30:00+08:00,final,-1.2752715621879902,-0.7524009773866737,-1.0403004426011893,3.3981517115948288,49,0.039215686274509776,0.0196078431372549,0.11435793570246561,0.0,-2.883338829560274,0.0,-0.36398855777160144,0.0,0.6666034237275343,0.0,1.1968285483181675,0.0,-3.4626049505890655,0.0,-1.351923528577622,0.5,-0.3565295137886677,0.0,-2.540552026506447,0.0,-2.717247586913054,0,0.013400529757810012,0,-2.014996787825072,0.0,-4.627530896899863,0,2.718817672591188,0,-3.9465024212264255,0,,,-2.016295275224947,0,-1.8141173436845504,0.0,-11.851804017566742,0,0.3488789471806455,0,0.9487174294528724,0,-2.306438166276662,0.0,-1.8210884271834327,0,-0.8532871872102394,0.0,-2.00985625528564,0,1.381058665612656,0,0.8990110161038326,0.0,0.7736319415478297,0,1.6047870730276692,0.0,,,-6.040814506941831,0,-4.140066449655524,0,-4.38754090349551,0,,,,,-1.9378276839306583,0,-5.500669088780385,0,,,-3.1395246452118624,0,-1.1923043352288665,0,-0.39771668560455137,0,-4.725217904807351,0,-11.499719826933218,0,0.15973725626627344,0,6.672561189317902,0,,,,,,,,,-1.5215307698548992,0.0,-0.7524009773866737,0,2.4549359713104035,0.0,,,0.46055394501375535,0,-6.640878528855911,0,1.0271949303687042,0,2.3298611994474334,0,1.8279747490610836,0,4.350913646515445,0,2fc1d8cc06a40b35b9cb4b68a7945e79e52e9b7f4e8534e3308f5029f5e8449c,-0.2,2024-01-24T01:30:00+00:00,2024-02-08T01:30:00+00:00,publication,pseudo_real_time,1.4974409661664188,0.0,,,0.41430933877987025,0.0,,,-2.2967553796148272,0.0,,,-0.5486785293404213,0.0,,,-0.17032887206816352,0.0,,,-0.8599511784504079,0.0,,,,,,,,1.0,0.8453096629367173,0.0,-0.7430762531700826,0.0,,,-0.7432357930422672,0.0,,,,,,,,,,,,,,,,,,,,,,1.0,,,,,,,,,,,,,,,,,,,,,,,,
2024-03,2024-03-24T09:30:00+08:00,final,,,,,0,1.0,0.0,,1.0,,1.0,,1.0,,1.0,,1.0,,1.0,,1.0,,1.0,,1.0,,1,,1,,1.0,,1,,1,,1,,,,1,,1.0,,1,,1,,1,,1.0,,1,,1.0,,1,,1,,1.0,,1,,1.0,,,,1,,1,,1,,,,,,1,,1,,,,1,,1,,1,,1,,1,,1,,1,,,,,,,,,,1.0,,1,,1.0,,,,1,,1,,1,,1,,1,,1,d1901b57a8c09e8dbc220ee47a0b9854e87b7d31fcec46c9b2d428a078ef9469,-0.1,2024-03-24T01:30:00+00:00,2024-04-11T01:30:00+00:00,publication,pseudo_real_time,,1.0,,,,1.0,,,,1.0,,,,1.0,,,,1.0,,,,1.0,,,,,,,,,,1.0,,1.0,,,,1.0,,,,,,,,,,,,,,,,,,,,,,1.0,,,,,,,,,,,,,,,,,,,,,,,,
2024-04,2024-04-24T09:30:00+08:00,final,-0.7235761261822886,-0.06190014757420429,-0.6519024545446148,6.161631783786621,50,0.0,0.0,-3.295327206767588,0.0,0.7392053487518246,0.0,3.4455927308862635,0.0,0.7902946146918185,0.0,4.714197976173943,0.0,-9.712902624989265,0.0,-1.9439868214883986,0.0,-6.039791341504117,0.0,2.322927324624175,0.0,1.5130332123818995,0,-1.8024672011967335,0,-8.859198623887583,0.0,0.7413181232405469,0,2.414452979265658,0,-2.845237302365591,0,,,-8.839606047280117,0,-8.828284253868175,0.0,-4.684585140680527,0,-2.7181080524598165,0,-3.6763934998332535,0,-9.11287111171019,0.0,-2.9303932097309042,0,-3.547647979435443,0.0,2.8579298972008496,0,0.40206919588085127,0,3.748649010907594,0.0,3.487038234957708,0,-11.641332835346002,0.0,,,-1.170378219346931,0,1.881029548374758,0,1.0199053277134404,0,,,,,-13.405382512086728,0,-1.240039394090888,0,,,5.791167456765496,0,0.8766371746189004,0,6.907665610020504,0,3.133295475651071,0,25.226216338543672,0,-0.004254095316206791,0,1.865702451635856,0,,,,,,,,,-0.9740769719664321,0.0,3.188165005732589,0,3.225289826988045,0.0,,,-3.5155281940902277,0,-0.11954619983220179,0,2.697708058892733,0,4.92063407182388,0,4.330784163958655,0,1.7156905938769242,0,4a82e6525b3160384f7d1efbe4d54942d0e2c5af09310bc8dcf5dae99bbad699,-0.2,2024-04-24T01:30:00+00:00,2024-05-11T01:30:00+00:00,publication,pseudo_real_time,-1.4930195277758385,0.0,,,-2.8643687278379035,0.0,,,-14.260390685411537,0.0,,,-4.226504365787184,0.0,,,4.182935230596981,0.0,,,1.5357796481037838,0.0,,,,,,,,,1.4578024471242834,0.0,-3.541266315812768,0.0,,,-3.4562984505715577,0.0,,,,,,,,,,,,,,,,,,,,,-5.542526475650361,0.0,,,,,,,,,,,,,,,,,,,,,,,,
2024-05,2024-05-24T09:30:00+08:00,final,1.4126679122606425,0.9482978258597248,1.0099960657042957,4.115763210707463,50,0.0,0.0,1.4374839142638678,0.0,-0.9695530752579338,0.0,-0.06523731525921697,0.0,-1.0813843815574227,0.0,6.082215335874905,0.0,6.281912435509471,0.0,2.2485888161011336,0.0,-1.6763857409778975,0.0,0.6070975682235334,0.0,2.2063951767342447,0,-1.5984949777291708,0,1.7756149598372222,0.0,1.182377173904187,0,-1.5034259654383835,0,-5.00259785420678,0,,,1.769240393850201,0,3.2735713391431442,0.0,11.103384958717918,0,-0.773001054731298,0,0.5941335684235445,0,3.189691962031994,0.0,-2.462076958232274,0,0.03435588997566228,0.0,-2.7117674357419497,0,-3.55588102099207,0,-1.4566854254759332,0.0,-1.4899262422890782,0,-2.601436154677081,0.0,,,7.078947119979788,0,3.8931430495825237,0,-2.5729793050512635,0,,,,,6.442934954103017,0,-0.9375640738843652,0,,,-0.3349545973129817,0,5.4073352062955555,0,8.197760632118095,0,-1.6711256567141508,0,-4.349108937316515,0,-0.2167020955319831,0,1.346080723959337,0,,,,,,,,,1.893857817094887,0.0,-0.05319387002238881,0,-0.8152540053132963,0.0,,,1.1363625854405308,0,1.1620917359829124,0,7.044977016651472,0,2.7153231060585052,0,6.370800588671549,0,-1.490640205189178,0,4e355962f196782717644f592f6924ee19b6387ba5e826107c7169ddc541f88f,0.2,2024-05-24T01:30:00+00:00,2024-06-12T01:30:00+00:00,publication,pseudo_real_time,-2.875187388017397,0.0,,,0.7602330662789186,0.0,,,16.418948480882804,0.0,,,-3.8276900229570088,0.0,,,2.0869628437231245,0.0,,,0.6771761558919002,0.0,,,,,,,,,2.1263467850538005,0.0,3.2537895744107717,0.0,,,3.6533857457607386,0.0,,,,,,,,,,,,,,,,,,,,,6.137866249298328,0.0,,,,,,,,,,,,,,,,,,,,,,,,
2024-06,2024-06-24T09:30:00+08:00,final,1.431991183067115,0.13225980349489785,0.9577909551054574,4.578121852471082,46,0.14814814814814814,0.07407407407407407,-0.9718674275980759,0.5,1.6442015952601108,0.0,2.6543957793296804,0.0,1.9981168596009218,0.0,2.639984257075039,0.0,3.330929676321444,0.0,0.6556991539398317,0.0,-1.1088928219340979,0.8,-1.7779177341894208,0.0,-1.9384351493444771,0,1.295741084639582,0,4.352077580343723,0.0,-0.20882983085358087,0,7.088784451705063,0,-3.9094952143008426,0,,,4.333275903301047,0,3.8408858798194947,0.0,11.092956101993247,0,0.13808722797825257,0,-1.1907484667445658,0,4.239008130329608,0.0,,1,,1.0,0.12643237901154314,0,-1.9410690545455693,0,-1.672533549231234,0.0,-1.5952124743223446,0,-1.1088928219340979,0.0,,,0.9476918810504149,0,-1.368984895023848,0,3.7539797672539295,0,,,,,-0.5506809376482924,0,2.9211287748519865,0,,,19.8938568870822,0,-3.8139162329269825,0,-0.27113864359830586,0,-7.104899746621057,0,-2.6814936049526747,0,0.04602414035073827,0,5.830747682440388,0,,,,,,,,,4.4081357490287045,0.0,-2.030908528802071,0,1.4587328850129782,0.0,,,-1.284843307276443,0,-1.6170944117019737,0,6.309715342218427,0,1.3657650141303812,0,3.1555953155496543,0,10.219266804037003,0,412b03d88087b4fcd201dfbec4156d0bcddba5456dc0bb7a4d296ac330a6c585,0.1,2024-06-24T01:30:00+00:00,2024-07-10T01:30:00+00:00,publication,pseudo_real_time,3.9951159807600445,0.0,,,,1.0,,,-3.9910149238887174,0.0,,,-0.4545818942929134,0.0,,,-0.6398519786093843,0.0,,,1.6241713651600285,0.0,,,,,,,,,1.7492173974833867,0.0,,1.0,,,-1.5499651643495471,0.0,,,,,,,,,,1.0,,1.0,,,,1.0,,,,,2.6097915265243903,0.0,,1.0,,,,,,,,,,,,,,,,,,,,,,
2024-07,2024-07-24T09:30:00+08:00,final,-1.0665722241468434,-1.2920315785914886,-1.298165559329639,3.638781432901449,48,0.07692307692307687,0.038461538461538464,-3.170083066366439,0.0,-0.9069162524277371,0.0,1.0810369853582846,0.0,-1.4640791884588147,0.0,-0.567902995168815,0.0,-2.8343093302848668,0.0,-1.3939111847227672,0.0,-6.275900224910155,0.8,0.2052734070189051,0.0,-3.1338600256133975,0,0.7501385573688213,0,-2.732139634329953,0.0,-1.0921049143204453,0,-2.0937834371478847,0,-0.08733338292294388,0,,,-2.7190358897858897,0,-3.0505301591967093,0.0,-8.246138916949048,0,-1.3607949948599902,0,-3.8036766459418163,0,-3.473319185137693,0.0,,1,,1.0,0.2008582604761407,0,-1.7497217572339925,0,0.2537013637477794,0.0,0.2510075232800502,0,-6.275900224910155,0.0,,,2.580171750386913,0,-0.6811392771502245,0,1.9669831807160052,0,,,,,-0.30118507669792777,0,1.346213259018405,0,,,1.9758642306495058,0,-2.9488224572678603,0,-2.7158201118940233,0,-1.3729591786272282,0,16.291993465503296,0,0.031268533673353874,0,-4.679691295539359,0,,,,,,,,,-3.8900265390992645,0.0,-0.9466895533987271,0,-1.2232681623229869,0.0,,,-3.3251351995234213,0,-6.732826434887053,0,3.963798469153104,0,-3.7797016215170696,0,0.2601112835827286,0,3.7610298424291755,0,13e5b2df22a06ab3866462eeaa42633df1649c57a67ffc8f1f280fd1991ee47a,-0.2,2024-07-24T01:30:00+00:00,2024-08-09T01:30:00+00:00,publication,pseudo_real_time,2.648890709337118,0.0,,,,,,,0.6821835501031539,0.0,,,0.32815097772104795,0.0,,,-2.626605105949607,0.0,,,-0.1045282075481817,0.0,,,,,,,,,-1.0121906826250964,0.0,,,,,-4.300128047176497,0.0,,,,,,,,,,1.0,,1.0,,,-2.4363500514141814,0.0,,,,,-1.7980120859237254,0.0,-3.794413459282728,0.0,,,,,,,,,,,,,,,,,,,,,,
2024-08,2024-08-24T09:30:00+08:00,final,-2.057911052729043,-1.7199695292631978,-2.6494723882540705,5.184813574745762,48,0.07692307692307687,0.038461538461538464,-7.112608910900934,0.0,-0.8485895465371764,0.0,-0.4363216626954502,0.0,-0.6525899376143772,0.0,-5.452010885838439,0.0,-2.4129454854834784,0.0,-2.2353088895765407,0.0,-7.834996248331329,0.8,1.7075351008842699,0.0,-0.21530878837960798,0,0.38532155210969277,0,-0.6508915066262064,0.0,-1.6949381075865961,0,0.16955064737675463,0,-0.5729853228428715,0,,,-0.6424391521116611,0,-0.7008888003680133,0.0,0.6063528617653975,0,-2.399427754532123,0,-8.764548887027265,0,-0.9055694139255341,0.0,,1,,1.0,-1.666343561239745,0,-5.295761113798936,0,-0.8903016893888201,0.0,-0.9521794505476114,0,-7.834996248331329,0.0,,,7.760233697980483,0,1.9112412948018558,0,-1.6782183994046371,0,,,,,-8.615039285499055,0,-3.180662328837246,0,,,10.408527452643607,0,-2.2866959677536833,0,-7.1867968068385215,0,4.082560313699457,0,20.52368891740095,0,-0.1808162768566715,0,-4.4325934385899,0,,,,,,,,,-3.448771435280732,0.0,-0.08214208825857779,0,-0.6550529175545545,0.0,,,-5.621814655599991,0,-6.18993858676012,0,-4.966171067318649,0,-4.627076467949416,0,-5.02799920124717,0,-3.9112383424448782,0,38ab3956a608d5fccc5e5d640c85c6d2fff6a6927222df6f7ac518e303272798,-0.7,2024-08-24T01:30:00+00:00,2024-09-09T01:30:00+00:00,publication,pseudo_real_time,-4.779419035534489,0.0,,,,,,,-5.982143101619275,0.0,,,-0.38231950928008684,0.0,,,-1.7450009509397995,0.0,,,-1.20057520900875,0.0,,,,,,,,,-2.4943407987838264,0.0,,,,,-8.867749308093801,0.0,,,,,,,,,,1.0,,1.0,,,-9.32850790193564,0.0,,,,,-6.875939432459707,0.0,-7.69360495821678,0.0,,,,,,,,,,,,,,,,,,,,,,
2024-09,2024-09-24T09:30:00+08:00,final,-1.500162616737573,-0.9445918412649832,-1.3763029412577148,4.2109510664297325,50,0.0,0.0,-2.8028870847617138,0.0,-1.0162662556688011,0.0,-0.8979328504632409,0.0,2.7559626803983064,0.0,-0.494306019200219,0.0,-3.468803354146303,0.0,-3.0620975020649355,0.0,-4.198760726096304,0.0,-0.217969263201956,0.0,0.3260937525996431,0,-1.849917036549993,0,0.08540560031121994,0.0,-0.6725750104747013,0,7.848567823914523,0,-0.706390076054605,0,,,0.06090271539389382,0,0.13455913336108707,0.0,-3.4070285401601184,0,-3.6186846834975674,0,-4.58197178224047,0,0.8551958708625974,0.0,-1.4588575982097363,0,-0.030116887709143548,0.0,-3.2444108684242967,0,-2.0118199586036485,0,-3.9725199816511263,0.0,-3.829271708157347,0,-11.107307692370034,0.0,,,7.884827337617035,0,-0.7630907153733733,0,4.577087536634776,0,,,,,-8.60891832699694,0,-2.5336851167373236,0,,,-4.616901200615355,0,-1.142839449834575,0,0.8546551219912513,0,2.616650356777371,0,-5.153149421023002,0,-0.4485199219183753,0,-0.8877963889083554,0,,,,,,,,,-3.661671602555453,0.0,-0.3214308859212218,0,-1.7454645515221343,0.0,,,-4.002053268242695,0,3.1811921249748223,0,-8.92001017561497,0,2.5474278359627758,0,3.540703140860066,0,5.893246323425816,0,f33a84669c1ccf3a59c7827f7fb08da433e620cfa526c172a55e40759c17bc4b,-0.6,2024-09-24T01:30:00+00:00,2024-10-13T01:30:00+00:00,publication,pseudo_real_time,-4.7966983957874385,0.0,,,,,,,-13.401739931795861,0.0,,,-0.47259249779161505,0.0,,,0.8919127150720092,0.0,,,-1.001387293621611,0.0,,,,,,,,,-1.0606552614404319,0.0,,,,,0.9108570148968822,0.0,,,,,,,,,,,,,,,-5.907146467462824,0.0,,,,,-7.662469222244457,0.0,0.3816766779763926,0.0,,,,,,,,,,,,,,,,,,,,,,
2024-10,2024-10-24T09:30:00+08:00,final,1.3693411956587485,1.245491722549191,1.1948513275562096,6.06030556938027,50,0.0,0.0,10.690980975534385,0.0,-3.7181021210124383,0.0,-0.40269698729137327,0.0,4.396305472504903,0.0,3.312318172909556,0.0,4.640460828405061,0.0,-1.5906389211723846,0.0,2.269817324198106,0.0,-3.8109982243868603,0.0,1.0200646725496012,0,-1.3712896968766204,0,1.8991290413103534,0.0,-5.890091343413014,0,11.679660481359326,0,-0.6459653754599728,0,,,1.9317545748120921,0,2.068618808391065,0.0,4.423954394117595,0,6.70132429707147,0,12.59620409750624,0,3.4488153482332327,0.0,4.469325341708703,0,6.724380707651824,0.0,-3.190134131865557,0,4.1857479596150995,0,-5.924425856212831,0.0,-5.682380375551825,0,-4.384254076766209,0.0,,,-4.048243070732551,0,-2.4766471689352607,0,5.217822753510044,0,,,,,6.846117096910988,0,-6.17852894497827,0,,,-7.949864728734292,0,-0.8699619317350615,0,4.820294375982906,0,-1.5441587430231347,0,-7.019301969940699,0,-1.1030604293867672,0,-7.888674753536047,0,,,,,,,,,2.5412852431281645,0.0,-12.529497749054173,0,-4.366079686302015,0.0,,,7.949496958831123,0,0.36644364331188173,0,-2.059266811555924,0,4.548937968143123,0,5.939307159068119,0,4.6878575069637085,0,ad5fc9153b1e4fd2f13536ce9cfdb45dd7b10db4aa109bf9bb24f151cf68eb40,-0.1,2024-10-24T01:30:00+00:00,2024-11-09T01:30:00+00:00,publication,pseudo_real_time,0.3357352600528813,0.0,,,,,,,11.864836535060103,0.0,,,0.03833716360660126,0.0,,,1.470918772548781,0.0,,,0.8045365193613332,0.0,,,,,,,,,2.5298111855839585,0.0,,,,,13.692701345914745,0.0,,,,,,,,,,,,,,,12.405472367092116,0.0,,,,,-4.420691739190135,0.0,10.800686786790612,0.0,,,,,,,,,,,,,,,,,,,,,,
2024-11,2024-11-24T09:30:00+08:00,final,-0.91591803843303,-1.380499186723502,-1.1650587405756538,4.2590704681454215,50,0.0,0.0,-2.4204676223574597,0.0,-1.615902361755949,0.0,-0.8755233152530153,0.0,0.5251207793112174,0.0,0.49139722258359586,0.0,-2.1682584056984893,0.0,-2.058189181452463,0.0,7.627213506712536,0.0,-2.443476584181304,0.0,-2.1681793916363037,0,-2.0367765063526484,0,-1.6465634747946218,0.0,-3.230779784212759,0,-1.5989836567312676,0,0.5387488755944251,0,,,-1.6635098318477217,0,-1.9259381860605371,0.0,-1.3727373401444978,0,-1.2677715733903507,0,-0.7588256638408901,0,-2.4051587464799487,0.0,6.47897067141895,0,3.3165230031942703,0.0,1.268726053635335,0,-1.392261291829942,0,-2.8234617783116422,0.0,-2.597890156247782,0,13.086146845524388,0.0,,,-9.268269736132812,0,-2.3708365053637164,0,13.822362082875644,0,,,,,-6.144423761945654,0,-0.26208415837207466,0,,,-6.591704953286581,0,0.045593430779249086,0,-1.8957142380551633,0,1.130872617332791,0,3.2335513161475453,0,-2.0093748043100232,0,-6.588124708721526,0,,,,,,,,,-3.4528131557109654,0.0,0.6082728875882891,0,-1.0121073911305383,0.0,,,-1.3259267548332596,0,-0.5880356652189255,0,1.0104029040145373,0,2.227392909493198,0,0.6235073148818113,0,-10.538583057699563,0,3d34f8787cdf00663b9f16ff4960361424362e8594214def4ddfc52fed6f9d11,-0.1,2024-11-24T01:30:00+00:00,2024-12-09T01:30:00+00:00,publication,pseudo_real_time,-3.1839655951126167,0.0,,,,,,,-0.019477498616445123,0.0,,,3.065379237168974,0.0,,,0.1089667574959459,0.0,,,-1.3882610333025058,0.0,,,,,,,,,0.3071149593451225,0.0,,,,,-5.644982594618929,0.0,,,,,,,,,,,,,,,-0.017830064578622323,0.0,,,,,-1.9696116463684366,0.0,-5.5074690828827055,0.0,,,,,,,,,,,,,,,,,,,,,,
2024-12,2024-12-24T09:30:00+08:00,final,-0.8513207459177115,-1.1253807734368786,-0.9341126614173387,3.5257769507333467,50,0.0,0.0,-0.9421464479560465,0.0,-2.1412710862936963,0.0,0.21601361222088772,0.0,2.648531339566818,0.0,0.42816504623365587,0.0,-5.753628849518582,0.0,-1.5463559941093055,0.0,0.5032409842970073,0.0,1.967227788737216,0.0,-3.283753532250435,0,0.48270730761608055,0,-4.9168675695847295,0.0,-2.125212073340831,0,1.8810567678195758,0,-1.232943636556968,0,,,-4.9257112279273905,0,-5.4894851275262235,0.0,-7.153034081574291,0,-1.6872844883006004,0,-0.2743730780222794,0,-6.708157113672625,0.0,0.36099611746028476,0,0.026056262142898797,0.0,1.297775203875336,0,-2.65385941365578,0,4.2900065267530865,0.0,4.072710195768624,0,1.1226705732878384,0.0,,,-1.5157788154536604,0,2.1145964650351723,0,-5.170702662142788,0,,,,,-5.541599573632318,0,-2.3618687021758586,0,,,-4.4555497291054245,0,6.365839529336448,0,-1.6535003214482702,0,1.5440571564447392,0,6.146286964779408,0,-1.3763085209968486,0,3.633965516710332,0,,,,,,,,,-4.0941632969303345,0.0,1.139461995792456,0,1.346295872052674,0.0,,,-1.0178179103167893,0,-4.063888610310318,0,3.526510837553692,0,-3.0957441415194915,0,2.935393810348693,0,-7.019955140676366,0,2c7400cc9833c86c3575fddbb056ad34f0928d98f5b7983a5a19c91100590d64,-0.1,2024-12-24T01:30:00+00:00,2025-01-09T01:30:00+00:00,publication,pseudo_real_time,-3.264200111411796,0.0,,,,,,,-5.540547252712494,0.0,,,5.886919106438505,0.0,,,0.17761814444237228,0.0,,,0.5648898457877699,0.0,,,,,,,,,3.651879604703529,0.0,,,,,-1.7032293889315646,0.0,,,,,,,,,,,,,,,-0.3254789350328064,0.0,,,,,-1.8380217576935622,0.0,-0.6446948871322389,0.0,,,,,,,,,,,,,,,,,,,,,,
2025-01,2025-01-24T09:30:00+08:00,final,-1.2087957761732593,-1.1747060796687054,-1.2915801516852172,3.4550884340059453,50,0.0,0.0,-1.6604573692456899,0.0,-0.6025379366616643,0.0,-0.20965421067380446,0.0,0.5118653210074436,0.0,-1.8103357877314497,0.0,-6.0876165352222085,0.0,-2.364087779000277,0.0,-2.1399460024879304,0.0,3.0451608809610153,0.0,-1.2033243032040595,0,0.9331911070499064,0,-4.886129085696866,0.0,-0.1305146227133477,0,-4.091527360390574,0,-2.0374204149880204,0,,,-4.897540740937273,0,-5.0887012988407925,0.0,-6.969870648190721,0,-1.1460878561333514,0,-2.6387913552755755,0,-6.225461554432793,0.0,-3.3425646921109124,0,-1.1236775942479758,0.0,2.393709452167397,0,-1.7377403035787622,0,7.68078576342014,0.0,7.317622269778962,0,-1.9535957211049033,0.0,,,-1.2091313339298375,0,2.544113996361712,0,-6.524791038593953,0,,,,,-8.644023077145864,0,-1.61686949746889,0,,,-1.5547263167536258,0,1.4954964715816024,0,0.5474078808611573,0,-0.45613486203228154,0,1.1733454039372018,0,0.019011826224377044,0,-1.0623156971435908,0,,,,,,,,,-0.10419246188979477,0.0,0.4110356100448921,0,-4.310380672857432,0.0,,,-2.297011235286391,0,1.826920225940062,0,-2.3968292883376607,0,-1.5672055095342572,0,-3.8247162339150376,0,3.789070602801412,0,cd374333f1f07999d9b29ea1565c00dc03693da37ba626898a0d9c268f3824ef,-0.2,2025-01-24T01:30:00+00:00,2025-02-09T01:30:00+00:00,publication,pseudo_real_time,4.634268179273054,0.0,,,,,,,-5.901589341311148,0.0,,,2.9879469026821672,0.0,,,2.639176420730738,0.0,,,-0.8954061569601018,0.0,,,,,,,,,-0.2916367368864412,0.0,,,,,-0.7463002828186441,0.0,,,,,,,,,,,,,,,-2.72951356379611,0.0,,,,,-6.822130140846677,0.0,-0.4050399221640674,0.0,,,,,,,,,,,,,,,,,,,,,,
2025-03,2025-03-24T09:30:00+08:00,final,,,,,0,1.0,0.0,,1.0,,1.0,,1.0,,1.0,,1.0,,1.0,,1.0,,1.0,,1.0,,1,,1,,1.0,,1,,1,,1,,,,1,,1.0,,1,,1,,1,,1.0,,1,,1.0,,1,,1,,1.0,,1,,1.0,,,,1,,1,,1,,,,,,1,,1,,,,1,,1,,1,,1,,1,,1,,1,,,,,,,,,,1.0,,1,,1.0,,,,1,,1,,1,,1,,1,,1,9e345c011834329bfbbdddb7c88e56ca082fb13c821a04f9afc580a7df6a3f03,-0.4,2025-03-24T01:30:00+00:00,2025-04-10T01:30:00+00:00,publication,pseudo_real_time,,1.0,,,,,,,,1.0,,,,1.0,,,,1.0,,,,1.0,,,,,,,,,,1.0,,,,,,1.0,,,,,,,,,,,,,,,,1.0,,,,,,1.0,,1.0,,,,,,,,,,,,,,,,,,,,,,
2025-04,2025-04-24T09:30:00+08:00,final,-1.9651692904705482,-1.7873068262337104,-1.9795528556867652,4.315510086063469,50,0.0,0.0,-1.456599505999886,0.0,-1.12055010849672,0.0,-3.516329878005223,0.0,-6.041571185150816,0.0,-2.4640225751395297,0.0,-2.1014461297713525,0.0,2.3479636968172017,0.0,-1.7611674540764863,0.0,-0.7434383005523669,0.0,0.5557785882787603,0,2.4735324707192983,0,-3.325786729940922,0.0,1.5255228023795813,0,-9.569602204632401,0,-0.45420364723864287,0,,,-3.3474230346672234,0,-1.9676172349597434,0.0,-0.37599882689867437,0,-1.146163232419044,0,1.494975605878255,0,-1.2216514831994927,0.0,-1.5675282069512404,0,-2.4036686383437895,0.0,-1.4112765182041391,0,-3.0706593104713344,0,-2.2760623288417388,0.0,-2.281987021805369,0,-1.3123055169344293,0.0,,,0.1604417428606217,0,3.5206640492563968,0,-11.009623019106913,0,,,,,-2.685007716079825,0,1.2652022523975504,0,,,-0.0022827141473930413,0,-1.036148226554062,0,-1.6039798979720836,0,-2.172409726579974,0,17.542863366478652,0,0.14805777457909322,0,-9.95518806334482,0,,,,,,,,,-1.657295887731292,0.0,-0.3660632093215714,0,-6.792558458046667,0.0,,,-1.8826967542839639,0,-8.009974816151043,0,-1.5148990791505033,0,-3.1808173989175104,0,-3.556393924518021,0,-9.609124913109085,0,3d4d12292413a8ecedf76e553ba3df1cf02a699bfe9bbaad7cc3f43a9e0fdae8,-0.4,2025-04-24T01:30:00+00:00,2025-05-10T01:30:00+00:00,publication,pseudo_real_time,-7.1014948408829355,0.0,,,,,,,-1.7866378826535874,0.0,,,-5.3103651176190105,0.0,,,-3.2447462332010355,0.0,,,-0.7106893313226845,0.0,,,,,,,,,-4.834039406432421,0.0,,,,,-2.650703038161143,0.0,,,,,,,,,,,,,,,-1.7879757698138332,0.0,,,,,4.014580031453546,0.0,-2.767033847199586,0.0,,,,,,,,,,,,,,,,,,,,,,
2025-05,2025-05-24T09:30:00+08:00,final,-2.2551190486729795,-1.9979027169524353,-2.1375534458620478,2.74462105047608,34,0.48484848484848486,0.24242424242424243,-0.5199771155075276,0.0,,1.0,-3.402995464851506,0.0,,1.0,-0.2632164312269932,0.0,-2.1340339263855173,0.0,,1.0,-0.855374620983417,0.8,-3.7796254137885117,0.0,,1,,1,-4.6612920202835255,0.0,,1,,1,,1,,,-4.637732716870389,0,-5.5164566070362735,0.0,3.6447098568138316,0,-0.994466447257689,0,0.4109465085799419,0,-4.82898724696212,0.0,,1,,1.0,-3.141513842645006,0,,1,-3.2864103758769767,0.0,-3.2389260379296028,0,-0.855374620983417,0.0,,,-1.3054200514248047,0,-3.179390198037265,0,-2.7755621957034915,0,,,,,-0.5853868582568511,0,,1,,,,1,-3.860797037064402,0,1.2166909414549876,0,-8.526091976817415,0,-7.689957716364517,0,,1,-7.21668263462521,0,,,,,,,,,-2.3339381183249466,0.0,,1,-2.23828677223556,0.0,,,-1.7575186616693106,0,,1,-0.9540256935858024,0,-0.374311339057021,0,-0.9412196337201368,0,-4.643447698494388,0,2a4f12527dc0ed4009b534dc16dbfbfa970cff933009424e6d91c11cae1b8c14,-0.4,2025-05-24T01:30:00+00:00,2025-06-09T01:30:00+00:00,publication,pseudo_real_time,1.3185631923526513,0.0,,,,,,,1.646908107896704,0.0,,,,1.0,,,,1.0,,,-0.7183365616693683,0.0,,,,,,,,,-3.87150910638582,0.0,,,,,-0.038656871341218944,0.0,,,,1.0,,,,,,1.0,,1.0,,,-0.9807701701658863,0.0,,,,,,1.0,0.24060294880899719,0.0,,1.0,,1.0,,,,,,,,,,,,,,,,,,
2025-06,2025-06-24T09:30:00+08:00,final,-1.9149248163260901,-2.291069790727033,-1.881744951315645,3.4480811607158715,34,0.48484848484848486,0.24242424242424243,-2.257478441742163,0.0,,1.0,0.40866585022487933,0.0,,1.0,0.23512379825821356,0.0,-5.972369383088373,0.0,,1.0,-5.75832326966487,0.8,-1.504136308105374,0.0,,1,,1,-3.9315945229506646,0.0,,1,,1,,1,,,-3.9726437805041663,0,-4.636024498085749,0.0,-6.712380405338342,0,-0.5361631625590751,0,-2.970673406694085,0,-5.213658749437328,0.0,,1,,1.0,2.8858029154310962,0,,1,0.6284470077936186,0.0,0.6029775650512109,0,-5.75832326966487,0.0,,,-3.794082316718023,0,-6.877656119146468,0,4.093654545347658,0,,,,,-7.777724320452366,0,,1,,,,1,-4.7530378874068555,0,0.611123798356849,0,-2.47030690104368,0,1.3785003398000109,0,,1,2.0055356806051567,0,,,,,,,,,-0.653680718324785,0.0,,1,2.6274443655491764,0.0,,,-2.6905410014791897,0,,1,-0.4718169901937198,0,2.4357812265054917,0,-1.6345928416357667,0,-2.3576605730958224,0,a739fa01c1b3220c87b8108933d48e71c897b053f171f1ceea649f5efd563743,-0.4,2025-06-24T01:30:00+00:00,2025-07-09T01:30:00+00:00,publication,pseudo_real_time,4.819897265421082,0.0,,,,,,,-9.56255940485,0.0,,,,1.0,,,,1.0,,,-1.1519998878241846,0.0,,,,,,,,,-1.9219946278226425,0.0,,,,,-2.2244790083582435,0.0,,,,1.0,,,,,,1.0,,1.0,,,-2.6925139977019064,0.0,,,,,,1.0,-2.430500073660479,0.0,,1.0,,1.0,,,,,,,,,,,,,,,,,,
2025-07,2025-07-24T09:30:00+08:00,final,0.14049680197678074,0.23856801222805096,0.1973628691219998,2.711297639334993,50,0.0,0.0,0.11985708684850409,0.0,0.8732660122343843,0.0,-0.3086059965167195,0.0,-0.7448478290070426,0.0,0.41812424131991377,0.0,-0.4242935123359927,0.0,1.2937498774998903,0.0,-2.976257680404508,0.0,1.8308756603079013,0.0,6.708373187476815,0,-1.2943080757144618,0,1.1798424974747803,0.0,0.777774568574826,0,1.9298689524163959,0,0.2056454485516245,0,,,1.2124229321189786,0,3.6568964226570704,0.0,-5.732183636886241,0,0.1381724470756682,0,-1.446447371790946,0,4.157303486300832,0.0,-5.994807424899712,0,-0.7432641423782144,0.0,1.9702950974881295,0,3.3236730422034086,0,2.7441899890892305,0.0,2.633731148647848,0,-2.190701473935599,0.0,,,0.9107301620415241,0,-0.47862398108428567,0,-4.694869185077415,0,,,,,-1.000955707443819,0,1.142982873884933,0,,,2.795504767024184,0,1.7448454414988435,0,0.3017555314936896,0,3.204931545664961,0,6.857825580957642,0,0.1796548324452965,0,-2.2220926011192277,0,,,,,,,,,1.163527354640026,0.0,0.0,0,-1.5291575174930845,0.0,,,0.3017917536785162,0,-1.4391074348091983,0,1.335027749721508,0,0.874976182290852,0,-0.8392624982263945,0,-1.1585473288230557,0,19a1401cc750b507d13dca96aad23ab4814e39320fe78a12996c75935f4d20f0,-0.2,2025-07-24T01:30:00+00:00,2025-08-09T01:30:00+00:00,publication,pseudo_real_time,-2.708505558199808,0.0,,,,,,,-6.443380580573551,0.0,,,-1.7230555319346912,0.0,,,-2.4413569075028323,0.0,,,-0.5129507749361442,0.0,,,,,,,,,-0.026135376614971517,0.0,,,,,0.27149057590447745,0.0,,,,,,,,,,,,,,,1.1543920398375382,0.0,,,,,-1.5328154792626822,0.0,0.29974307638577047,0.0,,,,,,,,,,,,,,,,,,,,,,
2025-08,2025-08-24T09:30:00+08:00,final,2.187251863054512,0.8503147553799802,1.3516250932052278,5.680098412750206,50,0.0,0.0,4.202308430827519,0.0,-0.21543602422990046,0.0,0.5838425387604397,0.0,2.084434321819973,0.0,0.06280497109111063,0.0,12.20113386064933,0.0,1.0959963300985907,0.0,-1.7421366642558276,0.0,-1.6567055829837767,0.0,4.257093762315211,0,1.2046723965257962,0,8.072715515027145,0.0,0.6128790549031041,0,3.9368590375341785,0,-0.04419652769075617,0,,,8.061922940498887,0,9.680885545335885,0.0,1.483314665360743,0,1.0148475894335192,0,4.270760206152163,0,10.952710215178309,0.0,-4.183856702068313,0,-4.016340450912007,0.0,-2.1599962664898427,0,-0.024070553851957426,0,-1.4246074034142397,0.0,-1.387597656446576,0,2.9737871602128365,0.0,,,-3.299601858412245,0,-2.354212234466199,0,1.0891598888396983,0,,,,,27.02338166112596,0,-0.9985873976885529,0,,,-4.942951677516073,0,0.4593552629206237,0,0.12393200416268627,0,0.6857819213264413,0,4.654592671973322,0,-0.20202350460907584,0,2.4026657764160193,0,,,,,,,,,1.8946459852806308,0.0,0.0,0,-4.122359305260554,0.0,,,4.321515885290387,0,3.875462412614108,0,-0.9505301573914205,0,0.036649695728446875,0,1.04116834186473,0,1.5569310257022362,0,65bc8f18c8b62d28d8e77a04d39b78b472f30fba2ea2b5f2d7491d782da24751,0.0,2025-08-24T01:30:00+00:00,2025-09-10T01:30:00+00:00,publication,pseudo_real_time,-1.3748307729372258,0.0,,,,,,,20.13300648201838,0.0,,,3.069786509680199,0.0,,,-0.7533425817544588,0.0,,,-0.9782783553242059,0.0,,,,,,,,,0.2565432099938505,0.0,,,,,4.6682377613821435,0.0,,,,,,,,,,,,,,,6.790258074186434,0.0,,,,,-2.173777168545235,0.0,4.148231068520465,0.0,,,,,,,,,,,,,,,,,,,,,,
2025-09,2025-09-24T09:30:00+08:00,final,-0.5654932156706166,-0.5483396782003824,-0.6582553926885224,2.356065950181944,50,0.0,0.0,-1.6149461791443318,0.0,-0.49916432406589195,0.0,-0.8507202358057754,0.0,1.7392488318448944,0.0,0.31122426146128995,0.0,1.1240332258400125,0.0,-0.581416852009277,0.0,-1.8009511646903646,0.0,-2.2113731383734936,0.0,1.7601350653859604,0,-0.17385494650597672,0,2.265704055189576,0.0,-0.0727319739625936,0,1.6899497417812215,0,-0.372300098513546,0,,,2.305260451311454,0,-0.8319461395264028,0.0,0.22328462920404063,0,-0.5425752672294618,0,-0.5541040891713032,0,-2.0446379139709725,0.0,0.956169691643786,0,-2.8630964385887765,0.0,-1.693013701555029,0,0.4374512050213241,0,-1.6071227922776017,0.0,-1.4504029419339637,0,-3.495926747126103,0.0,,,-6.165317232591893,0,2.094927621457073,0,3.2986034449644928,0,,,,,0.7145722117443646,0,-1.0214169748926334,0,,,-3.9861381155015265,0,-0.9839282222594001,0,1.2941683733700629,0,-4.4473097833395485,0,-1.8979155626511386,0,-0.2663287199945494,0,-2.1293386604214777,0,,,,,,,,,-2.880827060059377,0.0,0.25611168504098686,0,-2.8264049727724023,0.0,,,-1.7083756677221185,0,1.0320384002754024,0,0.6512816301511466,0,0.7293653638686097,0,-1.4299183215446594,0,0.49633991597905663,0,366b90f142e30898b61e9b4d50a6edbcc6f5386f65da081c9c8929459f483d11,0.1,2025-09-24T01:30:00+00:00,2025-10-15T01:30:00+00:00,publication,pseudo_real_time,0.9579980642921287,0.0,,,,,,,5.235995286928029,0.0,,,6.375214239083397,0.0,,,-2.8474174853299346,0.0,,,-2.5626534541267323,0.0,,,,,,,,,0.020924148997095177,0.0,,,,,-2.5362161405424533,0.0,,,,,,,,,,,,,,,-1.385062047901403,0.0,,,,,-3.3305306749078145,0.0,-2.9633438622992507,0.0,,,,,,,,,,,,,,,,,,,,,,
2025-11,2025-11-24T09:30:00+08:00,final,,,,,0,1.0,0.0,,1.0,,1.0,,1.0,,1.0,,1.0,,1.0,,1.0,,1.0,,1.0,,1,,1,,1.0,,1,,1,,1,,,,1,,1.0,,1,,1,,1,,1.0,,1,,1.0,,1,,1,,1.0,,1,,1.0,,,,1,,1,,1,,,,,,1,,1,,,,1,,1,,1,,1,,1,,1,,1,,,,,,,,,,1.0,,1,,1.0,,,,1,,1,,1,,1,,1,,1,f0aa6b1b39706e96fb678e8d78c0bcba9afe9c062da0f73ab801240930d21684,0.1,2025-11-24T01:30:00+00:00,2025-12-10T01:30:00+00:00,publication,pseudo_real_time,,1.0,,,,,,,,1.0,,,,1.0,,,,1.0,,,,1.0,,,,,,,,,,1.0,,,,,,1.0,,,,,,,,,,,,,,,,1.0,,,,,,1.0,,1.0,,,,,,,,,,,,,,,,,,,,,,
2025-12,2025-12-24T09:30:00+08:00,final,-0.13953727432618726,-0.10743668820012457,-0.48319024615763606,4.763274771914652,50,0.0,0.0,0.36252193333811694,0.0,0.28843247942059136,0.0,0.7276688680048623,0.0,1.1163629839120537,0.0,1.6703398714610738,0.0,-3.310026404055924,0.0,2.1134093294445644,0.0,-2.808002430314404,0.0,-0.5854380230551469,0.0,-3.0093706855155333,0,5.044813383083584,0,-2.975806702814738,0.0,0.017521092982964635,0,1.0738643322068298,0,0.6449192348808934,0,,,-2.9671305562857615,0,-4.587708182159706,0.0,-0.8921260775217004,0,-0.257699844486226,0,-0.9350635299279171,0,-6.408110913240635,0.0,-0.6189921231289517,0,-4.794075099861129,0.0,-0.5296483123188594,0,1.358993798402846,0,0.018055548513474955,0.0,-0.023226047534131575,0,-3.0109400679531326,0.0,,,-5.6119381891486135,0,2.279706620340644,0,-8.40887132649289,0,,,,,-5.485600980968386,0,2.873108190022099,0,,,-2.9728368126501903,0,0.8935397300458296,0,4.60860901907139,0,0.3544222418166036,0,26.104830308101562,0,0.40121142389280917,0,-1.0509799026205884,0,,,,,,,,,-3.6211331227463583,0.0,-1.3390406264642005,0,2.9963046386855576,0.0,,,0.270496717235748,0,1.3235835342975086,0,-1.608852488987732,0,1.20484756590373,0,2.476755389856906,0,-0.05984787674093775,0,b69523e82c6400430594e2d023c403ca0694755f9ecb753aa20a2cc675f8ab0f,0.2,2025-12-24T01:30:00+00:00,2026-01-09T01:30:00+00:00,publication,pseudo_real_time,-1.866491333378625,0.0,,,,,,,0.1462985845994597,0.0,,,2.4302501191886425,0.0,,,-0.1550254996593114,0.0,,,-3.3220060511324596,0.0,,,,,,,,,-4.388656383672469,0.0,,,,,1.4458060133166275,0.0,,,,,,,,,,,,,,,-0.4975293587542303,0.0,,,,,4.304785290765642,0.0,2.1491216026446995,0.0,,,,,,,,,,,,,,,,,,,,,,
2026-01,2026-01-24T09:30:00+08:00,final,-0.13821926652465855,0.4007356980379433,-0.11556291539249984,5.239815038219608,41,0.30508474576271183,0.15254237288135594,0.017671087232010024,0.0,1.7109936926372773,0.1111111111111111,1.4317945122839055,0.38461538461538464,-2.624759514210148,0.0,6.465774328665867,0.0,-6.579888942986178,0.42857142857142855,-1.2195698361138536,0.4,,1.0,-3.7851751164038547,0.16666666666666666,-8.6461871137363,0,2.3751398603828178,0,,1.0,-1.9268253231185184,0,4.331882195296603,0,-0.2100696221882287,0,,,-10.444535495261551,0,,1.0,-4.336309492214915,0,-0.353526267458996,0,-0.8668984714711848,0,,1.0,,1,,1.0,-4.463430791662966,0,3.158789427641595,0,,1.0,-1.3926219557470625,0,,1.0,,,-9.558327209393672,0,1.0086836023343801,0,-6.529009230888611,0,,,,,-2.877222887595033,0,0.7606189459476558,0,,,9.567229912446695,0,0.4007356980379433,0,11.11996445368715,0,-4.520179227549953,0,2.879645844002691,0,0.6049621845613539,0,2.0921672140395944,0,,,,,,,,,,1.0,0.03345213439481365,0,,1.0,,,-0.4374396959254931,0,1.6997918814128519,0,1.3064097949550098,0,8.395338949286085,0,5.041384116735224,0,9.85094685853163,0,9a504b1f8170f431ea28977b1994337fae3759e0f271838418baeee69bd155ab,0.4,2026-01-24T01:30:00+00:00,2026-02-11T01:30:00+00:00,publication,pseudo_real_time,3.1929706621517564,0.0,,,,,,,-8.661487896873215,0.0,,,-12.122543291981625,0.0,,,-0.0836174459454221,0.0,,,1.2197740612859915,0.0,,,,,,,,,-1.6528750088897513,0.0,,,,,0.6411421243063746,0.0,,,,,,,,,,,,,,,-0.07600480856387244,0.0,,,,,2.6123377450119207,0.0,1.1987536425052319,0.0,,,,,,1.0,,1.0,,1.0,,1.0,,1.0,,1.0,,1.0,,1.0,,1.0
2026-03,2026-03-24T09:30:00+08:00,final,,,,,0,1.0,0.0,,1.0,,1.0,,1.0,,1.0,,1.0,,1.0,,1.0,,,,1.0,,1,,1,,,,1,,1,,1,,,,1,,,,1,,1,,1,,,,1,,,,1,,1,,,,1,,,,,,1,,1,,1,,,,,,1,,1,,,,1,,1,,1,,1,,1,,1,,1,,,,,,,,,,,,1,,,,,,1,,1,,1,,1,,1,,1,4734c34b3ce12a52ff4b651fb3a90daf7414444b8aee6fe709d9aba55e5f41bf,1.0,2026-03-24T01:30:00+00:00,2026-04-10T01:30:00+00:00,publication,pseudo_real_time,,1.0,,,,,,,,1.0,,,,1.0,,,,1.0,,,,1.0,,,,,,,,,,1.0,,,,,,1.0,,,,,,,,,,,,,,,,1.0,,,,,,1.0,,1.0,,,,,,1.0,,1.0,,1.0,,1.0,,1.0,,1.0,,1.0,,1.0,,1.0
2026-04,2026-04-24T09:30:00+08:00,final,6.408587752502849,1.1974051083082164,4.7692002851497906,12.828763225431034,50,0.0,0.0,0.7670692737351003,0.0,-1.4967622659673196,0.0,19.466490982881446,0.0,-1.8724407563837726,0.0,-1.052120121584991,0.0,3.7487635976055422,0.0,6.804620467046258,0.0,,,19.95673002664264,0.0,27.863458518301854,0,3.6909604837445382,0,,,0.6935745048123022,0,-1.3355836414681963,0,1.0005084782941382,0,,,3.2799695171436425,0,,,5.100817728414851,0,0.2535879594708208,0,1.3580796805801847,0,,,-1.782956973245497,0,,,18.764811624154927,0,0.9275469554952479,0,,,14.959129060606417,0,,,,,21.248795554515375,0,26.60838457909697,0,8.01739582809,0,,,,,5.007509959560019,0,0.6423597932830689,0,,,-11.582639978647684,0,27.24713670346066,0,-1.9181306851049806,0,18.2025293148395,0,45.06169505324561,0,0.5742387508029686,0,15.45067444162932,0,,,,,,,,,,,0.24110430420389767,0,,,,,1.6767275341862287,0,-5.19685279485931,0,-0.2055974396433321,0,0.3930170274785807,0,-2.477769389070232,0,22.398708983382466,0,96b723baaa8dbaed51ee06e7f31b1d571e8d5e49e1238ae3eaf7ca1e1335c926,1.7,2026-04-24T01:30:00+00:00,2026-05-11T01:30:00+00:00,publication,pseudo_real_time,9.857963734984903,0.0,,,,,,,1.6067571853036544,0.0,,,-1.1971001754014272,0.0,,,-3.084638452281694,0.0,,,18.173683983086068,0.0,,,,,,,,,14.339169949637002,0.0,,,,,0.45156268029281343,0.0,,,,,,,,,,,,,,,0.9781685576029582,0.0,,,,,1.0465487137745955,0.0,-0.11571076972240317,0.0,,,,,-7.936524179544503,0.0,4.7296553240400145,0.0,47.50705530729801,0.0,-22.284453327393365,0.0,0.25783776200535063,0.0,-0.770700407090508,0.0,2.863775814548106,0.0,1.3482615028418377,0.0,-1.4416411951378132,0.0
2026-05,2026-05-24T09:30:00+08:00,final,-0.05420708399112677,-0.01991113759257247,0.4678491783438128,6.77204051796853,50,0.0,0.0,2.7657728812649256,0.0,0.5579299422977451,0.0,-3.7411008926077467,0.0,2.5081493231505045,0.0,2.0720594359600737,0.0,4.552256689088395,0.0,1.169277843999444,0.0,,,-1.9899878824771533,0.0,2.849159372393837,0,-0.05540622135149369,0,,,-0.06667191299406111,0,5.858014503352928,0,-1.2722518242138503,0,,,7.177416119514306,0,,,2.1747938359188392,0,0.08410153059749764,0,4.69318812670115,0,,,-3.8259602427532875,0,,,-10.416352784164399,0,6.031043693534325,0,,,-14.33705176094967,0,,,,,20.327516836158967,0,-1.0607569229830363,0,-12.618480704012025,0,,,,,2.850857791840272,0,-0.33163771365615125,0,,,4.935787412013979,0,-1.4218692759284015,0,5.3955958957316055,0,-4.4632947804476295,0,6.003491892092847,0,0.015583946166348749,0,-1.9769369570877457,0,,,,,,,,,,,-0.5754583632627172,0,,,,,1.8323151376372688,0,-4.406249305989574,0,-0.10212007225313981,0,-0.34679937286085977,0,3.3415612932226875,0,-7.823050105591996,0,5403c175f5ece634c7d84f85a64b95e659b5c5d457438c94d55c301a0c0b5013,0.5,2026-05-24T01:30:00+00:00,2026-06-10T01:30:00+00:00,publication,pseudo_real_time,-5.07104987440842,0.0,,,,,,,6.005959009080162,0.0,,,2.1066648311341947,0.0,,,-0.4402313650356095,0.0,,,2.456800064029505,0.0,,,,,,,,,-2.5202159004637252,0.0,,,,,3.462734522144121,0.0,,,,,,,,,,,,,,,3.851116015663045,0.0,,,,,-0.3590210228651645,0.0,2.6711819548464706,0.0,,,,,-4.364137808799078,0.0,-2.40947732043672,0.0,-26.11538816068095,0.0,-6.396301559015513,0.0,-2.8701516246284347,0.0,0.6912235490814082,0.0,3.1180032654066236,0.0,10.344066523802429,0.0,0.29365382641341803,0.0
2026-06,2026-06-24T09:30:00+08:00,final,-0.8241118604989812,-1.1391992179174908,-1.0485299820393874,5.453579713678745,50,0.0,0.0,-0.8734296710398772,0.0,-1.4169159955155262,0.0,-3.384311999300846,0.0,1.5715054367783992,0.0,-0.05104668552925401,0.0,11.474487549481754,0.0,-2.6323489061700673,0.0,,,-3.665548531682036,0.0,-13.574745858943599,0,-0.8610117165664849,0,,,-1.1345718794090698,0,0.8825813612756157,0,-2.4394902065571755,0,,,4.780379065657363,0,,,15.14753091922539,0,0.1866602889272653,0,-0.03047265717675397,0,,,0.10051792173576449,0,,,-2.866286632342056,0,-1.8631514141596097,0,,,-2.045267238611625,0,,,,,2.722066038199226,0,-7.700995081595561,0,0.9882436649866522,0,,,,,16.0370090185901,0,-0.8550178061518563,0,,,-0.7742517859609004,0,0.6942544529172688,0,0.865071837475373,0,-8.437259744060166,0,6.086691530684837,0,-0.23560217443779835,0,-10.50891842513096,0,,,,,,,,,,,-0.850948483917058,0,,,,,-1.143826556425912,0,-3.635687768733635,0,-1.1697257543781072,0,-1.3603064493384684,0,1.4607736241241867,0,-12.52108320887339,0,412440e963de19ce53c93ba2e81422f93fde8d559d1689034fb940762f024f85,-0.3,2026-06-24T01:30:00+00:00,2026-07-09T01:30:00+00:00,publication,pseudo_real_time,-2.569390784689215,0.0,,,,,,,9.933031194454164,0.0,,,6.369219160901875,0.0,,,-2.5372842118422936,0.0,,,1.6400956193121163,0.0,,,,,,,,,-4.861672470882683,0.0,,,,,-1.7230137956748364,0.0,,,,,,,,,,,,,,,-1.274100394679041,0.0,,,,,-1.331704941043761,0.0,-1.2558249112099855,0.0,,,,,-1.6347105412151455,0.0,-3.405346682389917,0.0,-7.795868330221828,0.0,-2.640059494091718,0.0,-2.3645900512894826,0.0,-0.9635224403126329,0.0,3.028641103627942,0.0,-4.974437358022189,0.0,-0.4229231179244329,0.0
2026-07,2026-07-24T09:30:00+08:00,final,-1.3900009485016278,-1.7145512842754427,-1.4775730451488762,5.374365748778286,50,0.0,0.0,-1.8387021778922819,0.0,1.1115340292792315,0.0,-3.560193384058995,0.0,0.701607820262606,0.0,-2.2316533450213027,0.0,5.8927838874240175,0.0,-1.2130081687764949,0.0,,,-6.300344501871396,0.0,-8.365869732162768,0,0.7989321958796403,0,,,0.9195253665664569,0,-3.572549124967199,0,-1.6891089940206545,0,,,-3.85880577021417,0,,,9.999504630970971,0,-0.18128072814736926,0,-1.6405134517586444,0,,,-2.2544572297417647,0,,,-4.634794328328428,0,-0.3760438619687598,0,,,-2.193362603119787,0,,,,,-7.393672054513832,0,-12.032196468312272,0,0.28878384043264044,0,,,,,7.138958820560258,0,-0.46253410467497924,0,,,11.36795964635968,0,-15.370074786807045,0,-1.2621503742230176,0,-5.247697055082659,0,6.425334580233821,0,-0.269763050860812,0,-1.9032993336706363,0,,,,,,,,,,,-0.3010444125907131,0,,,,,-1.8867196242893987,0,2.287167553321294,0,-2.6599437128857333,0,-4.178469800292717,0,-0.8260494926837437,0,-8.920614214005088,0,b75a1ffb54aa7d0a596293e0d560c43fd59f3956e122871017d9bd131087b342,-0.7,2026-07-24T01:30:00+00:00,2026-08-09T01:30:00+00:00,publication,pseudo_real_time,-3.9200455862624812,0.0,,,,,,,10.291477868379012,0.0,,,7.417366160285248,0.0,,,-1.7399935745302308,0.0,,,-11.92363754439432,0.0,,,,,,,,,-5.815510428007084,0.0,,,,,-2.704539324741298,0.0,,,,,,,,,,,,,,,-2.0781736598644884,0.0,,,,,-1.822308990880798,0.0,-2.5409862785524933,0.0,,,,,-2.8306985579170143,0.0,-0.17560530338526745,0.0,6.015603383149635,0.0,-4.610020120642884,0.0,-1.6276183233663946,0.0,-1.472351878618427,0.0,4.139733680981712,0.0,-3.8630618319331247,0.0,-0.8155279977002614,0.0
2026-08,2026-08-24T09:30:00+08:00,final,1.0394040276264902,-0.12352284027459615,0.7566565122193698,3.7678526887211405,50,0.0,0.0,-1.2019339749235431,0.0,0.5873216060275107,0.0,1.818186468995792,0.0,0.07443100444495476,0.0,2.1073018740296385,0.0,2.092760526929179,0.0,-1.7386412887663298,0.0,,,5.3558596565950385,0.0,-2.7484996585483197,0,0.16790578912237814,0,,,1.3020929871654918,0,-0.4060997327256228,0,-1.5302511329595294,0,,,2.8172291401212908,0,,,8.92819836594159,0,-0.6134030421103476,0,-0.2723013224097717,0,,,-2.324311861510049,0,,,8.72417730921141,0,2.5291802106116155,0,,,8.031434864814113,0,,,,,-4.116213375636427,0,10.294915876675203,0,-0.9750130721343799,0,,,,,2.569467400875207,0,-1.906425507589281,0,,,0.8305733945566961,0,2.348887439769251,0,3.6972491308186926,0,3.844983607910895,0,-5.3020998616954325,0,-0.16595400518195502,0,6.0885249588223065,0,,,,,,,,,,,-0.08109167536723727,0,,,,,-0.8270170312679181,0,5.638955842488059,0,-1.4559615221467086,0,2.883969811581632,0,3.303950075864938,0,5.2892359983934805,0,54bbb0292e6a31871ef11a0e36312aee9f492f397be941264343ea6814f5d8bc,0.4,2026-08-24T01:30:00+00:00,2026-09-09T01:30:00+00:00,publication,pseudo_real_time,5.0679406436018075,0.0,,,,,,,-5.943852799221372,0.0,,,0.34929509281991644,0.0,,,0.2800976532405706,0.0,,,5.533103888821826,0.0,,,,,,,,,6.779613766791775,0.0,,,,,-2.4258021019260436,0.0,,,,,,,,,,,,,,,-1.3432778220796833,0.0,,,,,-2.9437335957828092,0.0,-1.729802529747494,0.0,,,,,-0.4045916128830711,0.0,-1.2346670554735142,0.0,-1.560681968612507,0.0,2.4405737305539357,0.0,-1.3300367076931001,0.0,-1.3311856594762632,0.0,-0.6366943532980153,0.0,-2.0347935793308998,0.0,-2.5321846253248825,0.0
